ACCELEROMETER X (m/s²),ACCELEROMETER Y (m/s²),ACCELEROMETER Z (m/s²),GRAVITY X (m/s²),GRAVITY Y (m/s²),GRAVITY Z (m/s²),LINEAR ACCELERATION X (m/s²),LINEAR ACCELERATION Y (m/s²),LINEAR ACCELERATION Z (m/s²),GYROSCOPE X (rad/s),GYROSCOPE Y (rad/s),GYROSCOPE Z (rad/s),LIGHT (lux),MAGNETIC FIELD X (μT),MAGNETIC FIELD Y (μT),MAGNETIC FIELD Z (μT),ORIENTATION Z (azimuth °),ORIENTATION X (pitch °),ORIENTATION Y (roll °),PROXIMITY (m),SOUND LEVEL (dB),LOCATION Latitude : ,LOCATION Longitude : ,LOCATION Altitude ( m),LOCATION Altitude-google ( m),LOCATION Speed ( Kmh),LOCATION Accuracy ( m),LOCATION ORIENTATION (°),Satellites in range,Time since start in ms ,YYYY-MO-DD HH-MI-SS_SSS
0.8619,0.1628,10.1706,0.671,0.3218,9.7783,0.2373,-0.2352,0.5451,0.0245,-0.0021,0.3428,267.0,6.44,3.38,-14.62,296.42,-1.9,-3.89,5.0,41.174,55.753143,48.743607,212.6,191.0336761,,23.491,,0 / 23,14,2017-11-09 18:53:26:471
0.0192,0.6512,9.8545,0.7763,0.2858,9.7716,-0.7674,0.3543,0.0222,0.0,-0.0277,-0.3066,291.0,6.88,3.44,-15.25,293.07,-1.83,-4.36,5.0,41.957,55.753143,48.743607,212.6,191.0336761,,23.491,,0 / 23,513,2017-11-09 18:53:26:970
0.6512,0.1149,10.2568,0.7008,0.3341,9.7758,0.2172,-0.3653,0.1063,-0.0586,0.0149,0.1852,291.0,7.0,4.25,-17.31,299.08,-1.98,-4.14,5.0,44.152,55.753143,48.743607,212.6,191.0336761,,23.491,,0 / 23,1013,2017-11-09 18:53:27:470
0.5746,0.1149,10.0556,0.7196,0.3425,9.7742,-0.3509,0.332,-0.2544,-0.0181,-0.0021,-0.0192,336.0,6.69,4.19,-17.19,299.05,-2.04,-4.27,5.0,42.425,55.753143,48.743607,212.6,191.0336761,,23.491,,0 / 23,1514,2017-11-09 18:53:27:971
0.7183,0.6033,9.9599,0.3244,0.6738,9.778,0.3924,-0.2964,-0.0323,-0.0032,-0.0256,-0.0809,378.0,6.63,6.19,-18.5,313.5,-3.94,-1.9,5.0,40.861,55.753143,48.743607,212.6,191.0336761,,23.491,,0 / 23,2014,2017-11-09 18:53:28:471
0.8428,0.7566,9.3278,0.1879,0.7436,9.7766,0.8481,-0.245,-0.2959,0.0128,-0.0884,-0.0064,354.0,5.81,5.63,-19.12,314.99,-4.24,-1.16,5.0,42.005,55.753143,48.743607,212.6,191.0336761,,23.491,,0 / 23,2514,2017-11-09 18:53:28:971
0.6033,0.7661,9.5768,0.2611,0.6583,9.781,-0.0019,0.6713,-1.681,0.1278,0.016,0.016,411.0,6.38,5.06,-19.75,314.14,-3.87,-1.5,5.0,43.544,55.753143,48.743607,212.6,191.0336761,,23.491,,0 / 23,3014,2017-11-09 18:53:29:471
0.68,0.4597,9.9024,0.401,0.6243,9.7785,0.4152,-0.378,0.1724,-0.0032,-0.0192,-0.0937,429.0,6.06,6.25,-21.37,317.35,-3.75,-2.11,5.0,43.098,55.753143,48.743607,212.6,191.0336761,,23.491,,0 / 23,3513,2017-11-09 18:53:29:970
1.312,0.1437,10.1897,0.4978,0.5107,9.7806,0.2985,-0.5093,0.6208,-0.0309,0.0192,0.1086,447.0,5.38,7.0,-22.31,323.46,-3.15,-2.79,5.0,42.724,55.753143,48.743607,212.6,191.0336761,,23.491,,0 / 23,4014,2017-11-09 18:53:30:471
0.7278,-0.1149,10.477,0.5239,0.5291,9.7783,0.322,0.0368,-0.4352,0.1043,0.0468,0.0138,453.0,6.69,6.5,-22.44,311.15,-3.03,-3.05,5.0,43.4,55.753143,48.743607,212.6,191.0336761,,23.491,,0 / 23,4514,2017-11-09 18:53:30:971
0.3256,0.5363,9.845,0.54,0.4976,9.7791,-0.1604,-0.4904,0.0834,0.0053,-0.0096,-0.0053,456.0,7.19,6.63,-23.81,311.28,-2.93,-3.22,5.0,43.335,55.753143,48.743607,212.6,191.0336761,,23.491,,0 / 23,5014,2017-11-09 18:53:31:471
0.8715,0.4693,9.8833,0.4846,0.5905,9.7768,0.1451,-0.3818,0.2224,0.0192,-0.0106,-0.0862,459.0,6.69,5.25,-24.87,308.43,-3.53,-2.77,5.0,43.666,55.753143,48.743607,212.6,191.0336761,,23.491,,0 / 23,5514,2017-11-09 18:53:31:971
0.9673,-0.2969,10.3621,0.6087,0.4867,9.7756,0.2411,-0.5873,0.3812,0.0437,-0.0181,-0.0468,465.0,6.69,6.25,-25.69,309.63,-2.92,-3.56,5.0,43.027,55.753143,48.743607,212.6,191.0336761,,23.491,,0 / 23,6014,2017-11-09 18:53:32:471
0.7661,0.0575,10.0556,0.6451,0.4559,9.7747,-0.0386,-0.4299,0.5974,-0.0405,0.0192,0.1118,468.0,6.19,6.0,-25.87,312.79,-2.58,-3.82,5.0,42.032,55.753143,48.743607,212.6,191.0336761,,23.491,,0 / 23,6514,2017-11-09 18:53:32:971
0.2586,0.4788,10.2376,0.6859,0.3551,9.7761,-0.2964,0.0677,-0.1781,-0.0181,0.0373,-0.0511,468.0,6.44,6.63,-25.94,311.77,-2.14,-3.96,5.0,42.919,55.753143,48.743607,212.6,191.0336761,,23.491,,0 / 23,7014,2017-11-09 18:53:33:471
0.5459,0.747,9.8833,0.6301,0.3647,9.7795,0.4804,-0.3616,0.27,0.0628,0.0202,-0.0032,471.0,7.38,5.63,-27.5,307.75,-2.13,-3.7,5.0,42.486,55.753143,48.743607,212.6,191.0336761,,23.491,,0 / 23,7514,2017-11-09 18:53:33:971
0.4405,0.7757,9.1459,0.7,0.3533,9.7752,0.1175,-0.0422,-0.1673,0.0341,-0.0011,-0.0426,477.0,6.25,6.25,-27.31,311.3,-2.06,-4.1,5.0,55.91,55.753143,48.743607,212.6,191.0336761,,23.491,,0 / 23,8014,2017-11-09 18:53:34:471
0.747,0.316,10.0461,0.7143,0.4023,9.7723,0.0274,-0.1965,0.3742,-0.0213,0.0053,-0.0383,480.0,6.19,6.06,-28.87,312.16,-2.55,-4.03,5.0,48.183,55.753143,48.743607,212.6,191.0336761,,23.491,,0 / 23,8514,2017-11-09 18:53:34:971
0.5938,0.1724,10.228,0.767,0.3529,9.7702,0.1213,-0.4528,0.7494,0.0767,0.0607,0.0181,483.0,6.13,6.81,-28.19,314.38,-2.13,-4.44,5.0,52.775,55.753143,48.743607,212.6,191.0336761,,23.491,,0 / 23,9013,2017-11-09 18:53:35:470
0.2969,0.7949,9.414,0.7221,0.3627,9.7732,-0.046,0.0698,0.2851,-0.0543,-0.0117,0.0075,483.0,5.5,6.06,-29.31,310.83,-2.08,-4.26,5.0,49.86,55.753143,48.743607,212.6,191.0336761,,23.491,,0 / 23,9514,2017-11-09 18:53:35:971
0.5459,-0.1149,10.6398,0.6928,0.3729,9.775,0.4508,0.0566,-0.9028,-0.0798,0.0213,0.0458,486.0,5.88,5.88,-30.62,311.56,-2.28,-3.97,5.0,42.793,55.753143,48.743607,212.6,191.0336761,,23.491,,0 / 23,10014,2017-11-09 18:53:36:471
0.996,-0.2394,10.0844,0.6938,0.3912,9.7742,0.3909,-0.4521,0.1276,0.0937,0.0405,-0.0341,489.0,7.56,5.0,-30.31,304.58,-2.41,-3.92,5.0,43.196,55.753143,48.743607,212.6,191.0336761,,23.491,,0 / 23,10514,2017-11-09 18:53:36:971
0.7278,0.7374,9.5289,0.6821,0.445,9.7727,-0.0581,0.1606,-0.1847,-0.0554,-0.0138,-0.0852,492.0,5.81,5.19,-32.25,307.93,-2.57,-4.01,5.0,42.802,55.753143,48.743607,212.6,191.0336761,,23.491,,0 / 23,11013,2017-11-09 18:53:37:470
0.9768,0.1437,10.1131,0.6599,0.4626,9.7734,-0.2613,0.3978,-0.558,0.0117,0.0309,0.0021,495.0,6.06,5.31,-31.31,312.84,-2.74,-3.8,5.0,41.734,55.753143,48.743607,212.6,191.0336761,,23.491,,0 / 23,11514,2017-11-09 18:53:37:971
1.1396,0.6129,9.5385,0.6498,0.4283,9.7757,0.1115,-0.5286,0.4497,0.0767,-0.0479,-0.0192,498.0,5.81,6.31,-32.19,312.27,-2.5,-3.8,5.0,42.846,55.753143,48.743607,212.6,191.0336761,,23.491,,0 / 23,12014,2017-11-09 18:53:38:471
0.5076,0.249,9.4332,0.6137,0.364,9.7806,0.3294,0.0467,0.1318,-0.0138,-0.0394,0.0447,510.0,6.44,4.63,-33.37,302.46,-2.06,-3.71,5.0,42.288,55.753143,48.743607,212.6,191.0336761,,23.491,,0 / 23,12514,2017-11-09 18:53:38:971
0.8715,0.1628,10.41,0.6461,0.4052,9.7769,0.1506,-0.2505,0.3104,0.0351,0.0032,-0.0266,516.0,6.94,4.19,-33.94,300.42,-2.39,-3.71,5.0,43.124,55.753143,48.743607,212.6,191.0336761,,23.491,,0 / 23,13014,2017-11-09 18:53:39:471
0.5459,0.5746,10.1897,0.6625,0.4408,9.7743,0.0396,-0.2005,0.5297,-0.0628,-0.0117,0.0234,519.0,6.13,4.75,-34.75,307.89,-2.55,-3.94,5.0,43.066,55.753143,48.743607,212.6,191.0336761,,23.491,,0 / 23,13515,2017-11-09 18:53:39:972
0.5076,0.2298,10.5632,0.6504,0.3977,9.7769,-0.1537,-0.1743,0.7328,-0.0064,-0.017,0.0735,528.0,6.63,5.38,-34.62,300.29,-2.45,-3.89,5.0,43.363,55.753143,48.743607,212.6,191.0336761,,23.491,,0 / 23,14014,2017-11-09 18:53:40:471
0.8428,0.3639,10.4291,0.5757,0.4896,9.7774,-0.2717,-0.3315,0.2622,0.0032,0.0341,0.0287,528.0,7.56,4.13,-35.5,299.83,-2.91,-3.34,5.0,43.034,55.753143,48.743607,212.6,191.0336761,,23.491,,0 / 23,14514,2017-11-09 18:53:40:971
0.6033,0.5938,10.2759,0.569,0.5473,9.7748,0.0379,0.0129,0.4416,-0.0894,-0.0383,0.1107,531.0,7.63,2.56,-35.81,296.27,-3.2,-3.33,5.0,44.969,55.753143,48.743607,212.6,191.0336761,,23.491,,0 / 23,15014,2017-11-09 18:53:41:471
0.68,0.6225,9.979,0.5746,0.5893,9.772,0.2599,-0.108,0.1691,-0.0011,0.0192,-0.0213,537.0,7.13,2.0,-36.69,298.81,-3.28,-3.42,5.0,44.869,55.753143,48.743607,212.6,191.0336761,,23.491,,0 / 23,15514,2017-11-09 18:53:41:971
1.1588,0.4501,9.9599,0.5803,0.5473,9.7741,-0.1397,0.1545,-0.1573,-0.0224,-0.0192,-0.0256,543.0,6.69,2.69,-37.31,298.74,-3.17,-3.34,5.0,44.564,55.753143,48.743607,212.6,191.0336761,,23.491,,0 / 23,16014,2017-11-09 18:53:42:471
0.7853,0.1053,10.3813,0.6023,0.5018,9.7752,-0.1286,-0.0257,-0.236,0.0053,0.0564,0.0745,552.0,6.44,2.44,-37.75,298.11,-3.02,-3.5,5.0,44.564,55.753143,48.743607,212.6,191.0336761,,23.491,,0 / 23,16513,2017-11-09 18:53:42:970
1.0151,-0.1245,10.1801,0.5495,0.6259,9.7712,0.4636,-0.6151,0.6594,-0.0809,-0.0181,0.0064,558.0,7.63,2.13,-38.37,293.44,-3.66,-3.22,5.0,43.259,55.753143,48.743607,212.6,191.0336761,,23.491,,0 / 23,17014,2017-11-09 18:53:43:471
0.7374,0.3352,9.5768,0.5743,0.5739,9.7729,0.2086,0.0356,-0.1552,-0.0064,0.0362,-0.0224,564.0,6.81,0.81,-39.12,289.82,-3.45,-3.25,5.0,43.28,55.753143,48.743607,212.6,191.0336761,,23.491,,0 / 23,17513,2017-11-09 18:53:43:970
0.249,1.0918,9.1746,0.6052,0.6107,9.7688,0.0111,-0.3417,0.3892,0.1427,-0.0085,-0.0596,573.0,7.0,0.31,-39.25,284.31,-3.57,-3.55,5.0,43.506,55.753143,48.743607,212.6,191.0336761,,23.491,,0 / 23,18013,2017-11-09 18:53:44:470
0.3352,0.3448,10.0748,0.5964,0.6326,9.768,-0.1975,-0.5085,0.0554,-0.0873,0.0096,0.0213,573.0,6.69,0.5,-39.56,284.55,-3.67,-3.69,5.0,41.947,55.753143,48.743607,212.6,191.0336761,,23.491,,0 / 23,18514,2017-11-09 18:53:44:971
0.6991,0.1437,9.5289,0.5691,0.6629,9.7676,0.0456,-0.4507,-0.1207,-0.0128,-0.0021,-0.0213,576.0,6.0,-0.25,-39.5,281.03,-3.8,-3.38,5.0,42.169,55.753143,48.743607,212.6,191.0336761,,23.491,,0 / 23,19013,2017-11-09 18:53:45:470
0.5842,0.5842,9.8928,0.5544,0.6373,9.7701,-0.018,-0.6407,-0.0644,0.0213,0.016,0.0213,585.0,6.13,-0.75,-39.37,280.44,-3.73,-3.25,5.0,46.663,55.753143,48.743607,212.6,191.0336761,,23.491,,0 / 23,19513,2017-11-09 18:53:45:970
0.6895,0.3065,10.2855,0.5694,0.6689,9.7672,-0.1735,-0.0341,0.4003,0.0298,-0.0373,0.0021,588.0,5.88,-2.31,-39.5,282.07,-4.08,-3.21,5.0,54.681,55.753143,48.743607,212.6,191.0336761,,23.491,,0 / 23,20014,2017-11-09 18:53:46:471
0.8715,0.067,9.165,0.6116,0.7268,9.7605,-0.0539,-0.5004,0.454,-0.0479,0.0341,-0.0873,588.0,5.19,-1.94,-40.31,277.16,-4.25,-3.59,5.0,50.168,55.753143,48.743607,212.6,191.0336761,,23.491,,0 / 23,20514,2017-11-09 18:53:46:971
1.0439,-0.0287,10.2185,0.6029,0.7439,9.7597,-0.0213,0.1948,-0.1412,0.0937,0.0149,0.0181,588.0,5.63,-3.12,-39.81,276.63,-4.25,-3.65,5.0,47.891,55.753143,48.743607,212.6,191.0336761,,23.491,,0 / 23,21013,2017-11-09 18:53:47:470
0.3639,0.7949,9.5768,0.5756,0.7715,9.7592,-0.2066,0.0049,-0.2392,0.0181,-0.0256,0.0287,594.0,5.56,-2.37,-38.62,277.16,-4.51,-3.38,5.0,46.324,55.753143,48.743607,212.6,191.0336761,,23.491,,0 / 23,21514,2017-11-09 18:53:47:971
0.814,0.6608,9.481,0.6128,0.7717,9.757,0.2122,-0.5782,0.0463,0.1011,0.0671,0.0383,597.0,4.88,-3.44,-39.0,270.01,-4.44,-3.58,5.0,42.734,55.753143,48.743607,212.6,191.0336761,,23.491,,0 / 23,22014,2017-11-09 18:53:48:471
0.0383,0.6895,9.596,0.6619,0.7294,9.757,0.2943,-0.8682,0.5951,-0.016,-0.0256,-0.0798,570.0,5.44,-4.25,-39.37,262.15,-4.37,-3.89,5.0,46.17,55.753143,48.743607,212.6,191.0336761,,23.491,,0 / 23,22514,2017-11-09 18:53:48:971
0.6416,0.565,10.1035,0.7133,0.7103,9.7548,-0.0374,-0.5408,0.2052,0.0117,0.0234,-0.0213,603.0,5.0,-4.25,-39.31,268.92,-4.23,-4.07,5.0,46.108,55.753143,48.743607,212.6,191.0336761,,23.491,,0 / 23,23013,2017-11-09 18:53:49:470
0.5746,0.3448,9.5864,0.6719,0.7177,9.7572,0.1973,-0.6039,0.0172,-0.0224,-0.0234,-0.1927,588.0,5.56,-3.94,-39.25,262.23,-4.18,-3.98,5.0,42.736,55.753143,48.743607,212.6,191.0336761,,23.491,,0 / 23,23513,2017-11-09 18:53:49:970
1.2258,0.5267,10.228,0.608,0.7348,9.7601,0.4477,-0.2437,0.6024,-0.0351,-0.0628,-0.3811,576.0,4.25,-3.0,-38.56,269.51,-4.35,-3.55,5.0,39.842,55.753143,48.743607,212.6,191.0336761,,23.491,,0 / 23,24013,2017-11-09 18:53:50:470
0.431,0.5746,9.8258,0.5427,0.7966,9.7591,-0.4083,-0.2614,-0.2298,-0.0266,-0.0926,-0.3716,582.0,4.63,-2.75,-38.06,269.65,-4.49,-3.3,5.0,39.947,55.753143,48.743607,212.6,191.0336761,,23.491,,0 / 23,24514,2017-11-09 18:53:50:971
0.249,0.4884,9.6055,0.4638,0.7942,9.7634,-0.234,-0.3239,-0.2134,0.0213,-0.0021,-0.2545,612.0,4.06,-2.87,-38.19,270.7,-4.53,-2.82,5.0,40.945,55.753143,48.743607,212.6,191.0336761,,23.491,,0 / 23,25014,2017-11-09 18:53:51:471
0.9194,0.3256,9.7492,0.4173,0.7903,9.7658,-0.4881,-0.1472,-0.57,-0.0639,0.0224,-0.2438,627.0,4.38,-1.12,-38.44,290.04,-4.62,-2.45,5.0,40.118,55.753143,48.743607,212.6,191.0336761,,23.491,,0 / 23,25513,2017-11-09 18:53:51:970
0.6416,0.2394,10.1897,0.3396,0.7729,9.7702,0.4569,-0.3459,0.1118,-0.0224,0.0096,-0.3268,594.0,4.94,-1.0,-38.31,286.96,-4.47,-2.1,5.0,38.892,55.753143,48.743607,212.6,191.0336761,,23.491,,0 / 23,26013,2017-11-09 18:53:52:470
0.2394,0.4118,9.8067,0.3075,0.7304,9.7745,0.4809,-0.7411,0.4704,-0.0426,-0.0075,-0.4184,570.0,4.5,1.44,-38.81,298.18,-4.2,-1.92,5.0,38.308,55.753143,48.743607,212.6,191.0336761,,23.491,,0 / 23,26513,2017-11-09 18:53:52:970
0.2394,0.1341,9.8545,0.3123,0.655,9.7797,0.1665,-0.0406,-0.7114,-0.1224,-0.0852,-0.4695,567.0,3.13,2.13,-39.75,317.46,-3.83,-1.83,5.0,39.906,55.753143,48.743607,212.6,191.0336761,,23.491,,0 / 23,27013,2017-11-09 18:53:53:470
0.7183,0.4693,9.979,0.3028,0.5627,9.7858,1.0587,-0.3989,0.0473,0.0096,-0.0649,-0.3449,576.0,2.69,2.19,-40.19,315.28,-3.29,-1.82,5.0,39.898,55.753143,48.743607,212.6,191.0336761,,23.491,,0 / 23,27513,2017-11-09 18:53:53:970
1.0534,0.1915,9.8928,0.4384,0.4271,9.7875,0.6477,-0.194,-0.1995,0.0149,-0.0011,-0.3386,561.0,1.38,3.75,-39.75,334.99,-2.52,-2.41,5.0,39.971,55.753143,48.743607,212.6,191.0336761,,23.491,,0 / 23,28013,2017-11-09 18:53:54:470
0.6321,0.0,9.5864,0.4839,0.356,9.7882,0.3273,-0.1225,0.2018,-0.0043,0.0405,-0.4248,546.0,-0.75,4.63,-40.56,350.78,-2.11,-2.7,5.0,37.996,55.753143,48.743607,212.6,191.0336761,,23.491,,0 / 23,28514,2017-11-09 18:53:54:971
0.4405,0.3065,9.9216,0.5389,0.362,9.7851,-0.0122,0.3813,-0.1677,-0.0256,-0.0309,-0.2225,555.0,-3.37,3.88,-40.62,7.65,-2.12,-3.15,5.0,38.13,55.753143,48.743607,212.6,191.0336761,,23.491,,0 / 23,29014,2017-11-09 18:53:55:471
0.5267,0.498,9.5098,0.5489,0.2701,9.7875,-0.1903,-0.0169,-0.1498,0.0362,-0.0053,0.3247,543.0,-1.62,4.69,-40.87,347.29,-1.58,-3.33,5.0,40.731,55.753143,48.743607,212.6,191.0336761,,23.491,,0 / 23,29513,2017-11-09 18:53:55:970
0.1532,1.5323,9.5289,0.5001,0.2841,9.7897,0.8256,0.0525,-0.6724,0.1288,0.0554,0.2949,462.0,0.56,5.0,-41.69,333.17,-1.66,-2.92,5.0,41.657,55.753143,48.743607,212.6,191.0336761,,23.491,,0 / 23,30014,2017-11-09 18:53:56:471
0.2682,0.3256,9.9503,0.4902,0.3955,9.7863,-0.2084,0.0436,-0.0513,0.0106,0.0181,-0.0234,459.0,1.88,5.88,-42.44,334.68,-2.39,-2.88,5.0,42.313,55.753143,48.743607,212.6,191.0336761,,23.491,,0 / 23,30514,2017-11-09 18:53:56:971
0.5938,0.316,10.1801,0.4946,0.3842,9.7866,0.2541,-0.2055,0.2231,0.0522,0.0383,-0.0319,522.0,0.94,8.44,-43.25,341.65,-2.19,-2.93,5.0,43.62,55.753143,48.743607,212.6,191.0336761,,23.491,,0 / 23,31013,2017-11-09 18:53:57:470
0.3256,0.2777,10.4004,0.488,0.3887,9.7867,0.029,-0.1456,-0.3066,-0.0032,0.0287,-0.016,519.0,1.31,7.63,-44.5,341.7,-2.24,-2.88,5.0,42.706,55.753143,48.743607,212.6,191.0336761,,23.491,,0 / 23,31514,2017-11-09 18:53:57:971
0.7661,0.1245,9.4427,0.5035,0.373,9.7866,-0.4179,0.2035,-0.532,0.0096,-0.0128,0.0767,468.0,1.5,8.5,-45.56,337.91,-2.15,-2.93,5.0,42.983,55.753143,48.743607,212.6,191.0336761,,23.491,,0 / 23,32014,2017-11-09 18:53:58:471
0.8619,0.0479,10.2759,0.5862,0.3052,9.7843,0.4267,0.0521,-0.6176,0.0905,0.0458,0.0117,450.0,1.94,9.81,-46.25,337.43,-1.78,-3.43,5.0,42.975,55.753143,48.743607,212.6,191.0336761,,23.491,,0 / 23,32514,2017-11-09 18:53:58:971
0.182,0.3352,10.0652,0.589,0.35,9.7826,-0.1931,0.2705,0.09,0.0373,-0.0394,-0.0053,450.0,1.38,8.5,-48.37,340.29,-2.13,-3.42,5.0,43.485,55.753143,48.743607,212.6,191.0336761,,23.491,,0 / 23,33014,2017-11-09 18:53:59:471
0.0575,0.7661,9.663,0.5664,0.3424,9.7842,-0.5011,0.405,-0.1772,-0.0447,-0.0522,0.0586,441.0,0.5,9.75,-49.37,341.87,-2.0,-3.31,5.0,43.517,55.753143,48.743607,212.6,191.0336761,,23.491,,0 / 23,33514,2017-11-09 18:53:59:971
0.3448,0.4022,10.2759,0.5238,0.3432,9.7866,-0.0857,0.0198,0.5956,0.0564,-0.0458,0.0085,432.0,2.19,8.88,-51.0,331.53,-1.93,-3.16,5.0,43.638,55.753143,48.743607,212.6,191.0336761,,23.491,,0 / 23,34013,2017-11-09 18:54:00:470
0.5363,0.6512,9.2895,0.557,0.3386,9.7849,0.0886,0.2395,-0.8737,-0.0873,0.0138,0.1842,435.0,2.0,8.5,-52.5,335.33,-1.98,-3.26,5.0,43.263,55.753143,48.743607,212.6,191.0336761,,23.491,,0 / 23,34513,2017-11-09 18:54:00:970
1.1301,-0.4118,11.1857,0.5547,0.3132,9.7859,0.0581,0.127,-0.5701,0.0043,-0.0192,-0.083,414.0,3.25,6.81,-53.44,325.63,-1.94,-3.25,5.0,43.824,55.753143,48.743607,212.6,191.0336761,,23.491,,0 / 23,35013,2017-11-09 18:54:01:470
0.9002,0.3543,9.7492,0.5359,0.4202,9.7829,-0.1633,-0.1866,0.3142,0.0149,-0.0394,-0.0405,411.0,2.13,6.56,-54.06,331.83,-2.45,-3.16,5.0,41.835,55.753143,48.743607,212.6,191.0336761,,23.491,,0 / 23,35513,2017-11-09 18:54:01:970
0.7183,0.4405,10.0844,0.4454,0.4627,9.7855,0.1349,-0.0454,0.067,-0.0032,-0.0021,-0.1022,411.0,2.44,5.19,-54.37,322.3,-2.49,-2.84,5.0,40.77,55.753143,48.743607,212.6,191.0336761,,23.491,,0 / 23,36014,2017-11-09 18:54:02:471
0.8428,0.2394,9.9886,0.375,0.4463,9.7893,0.1897,-0.1534,0.1321,0.0117,0.0043,0.1224,426.0,1.81,4.44,-55.37,328.13,-2.64,-2.14,5.0,42.092,55.753143,48.743607,212.6,191.0336761,,23.491,,0 / 23,36514,2017-11-09 18:54:02:971
0.5746,0.2969,9.5481,0.3807,0.466,9.7881,0.2769,-0.2658,-0.3272,-0.0064,0.017,0.0681,438.0,2.88,3.38,-56.19,317.52,-2.72,-2.23,5.0,41.849,55.753143,48.743607,212.6,191.0336761,,23.491,,0 / 23,37014,2017-11-09 18:54:03:471
0.7853,0.4022,9.73,0.3872,0.474,9.7875,0.6771,-0.1339,0.2426,0.0373,0.0043,-0.05,441.0,2.56,1.56,-55.25,312.27,-2.8,-2.24,5.0,46.448,55.753143,48.743607,212.6,191.0336761,,23.491,,0 / 23,37514,2017-11-09 18:54:03:971
0.0192,0.8619,9.6917,0.3908,0.5674,9.7824,-0.3831,0.2827,-0.1453,-0.0096,-0.0064,0.05,459.0,1.75,1.06,-54.31,307.92,-3.28,-2.38,5.0,44.301,55.753143,48.743607,212.6,191.0336761,,23.491,,0 / 23,38014,2017-11-09 18:54:04:471
0.6129,0.0479,10.5919,0.3177,0.5914,9.7836,0.272,-0.4337,0.6863,-0.0479,0.0,-0.0224,456.0,2.81,0.25,-54.44,304.37,-3.46,-1.86,5.0,42.674,55.753143,48.743607,212.6,191.0336761,,23.491,,0 / 23,38514,2017-11-09 18:54:04:971
1.1684,0.2394,9.5672,0.3247,0.6027,9.7827,0.9264,-0.6343,0.5996,0.0309,-0.0192,-0.0586,450.0,3.5,-0.44,-53.69,301.74,-3.65,-1.65,5.0,41.906,55.753143,48.743607,212.6,191.0336761,,23.491,,0 / 23,39013,2017-11-09 18:54:05:470
0.1341,0.6704,9.6917,0.3336,0.631,9.7806,-0.1305,-0.0951,0.1901,0.033,0.0149,0.1129,357.0,3.56,-0.87,-52.25,296.31,-3.66,-1.96,5.0,42.306,55.753143,48.743607,212.6,191.0336761,,23.491,,0 / 23,39513,2017-11-09 18:54:05:970
0.0862,0.7087,9.663,0.3111,0.6819,9.7779,-0.3912,-0.1363,-0.2781,0.0181,0.0181,0.0085,348.0,4.13,-0.25,-52.31,302.53,-3.99,-1.82,5.0,42.921,55.753143,48.743607,212.6,191.0336761,,23.491,,0 / 23,40013,2017-11-09 18:54:06:470
0.7566,0.4405,9.414,0.3166,0.7202,9.775,0.1197,-0.3826,-0.0784,0.0117,0.016,0.0011,369.0,4.13,0.19,-52.0,296.14,-4.25,-1.86,5.0,41.477,55.753143,48.743607,212.6,191.0336761,,23.491,,0 / 23,40513,2017-11-09 18:54:06:970
0.5267,0.2777,9.6438,0.268,0.7173,9.7767,0.4509,-0.3513,-0.0117,-0.0234,-0.0043,0.0415,411.0,4.19,-0.94,-51.19,296.78,-4.19,-1.57,5.0,41.07,55.753143,48.743607,212.6,191.0336761,,23.491,,0 / 23,41014,2017-11-09 18:54:07:471
0.3543,0.6225,10.0173,0.2722,0.7621,9.7731,-0.0677,-0.3543,0.3836,0.0788,-0.0117,0.0681,420.0,4.63,-0.25,-50.56,301.63,-4.43,-1.54,5.0,44.221,55.753143,48.743607,212.6,191.0336761,,23.491,,0 / 23,41514,2017-11-09 18:54:07:971
0.0,0.7853,9.4332,0.2977,0.7132,9.7761,0.1027,-0.3443,0.057,0.0032,0.0011,0.0106,414.0,5.13,0.69,-50.06,305.97,-4.3,-1.74,5.0,43.848,55.753143,48.743607,212.6,191.0336761,,23.491,,0 / 23,42014,2017-11-09 18:54:08:471
0.2777,0.7661,9.5193,0.3068,0.7638,9.772,0.7778,-0.3691,0.2286,-0.0511,-0.0117,0.0788,405.0,6.25,0.63,-49.87,294.65,-4.48,-1.69,5.0,46.883,55.753143,48.743607,212.6,191.0336761,,23.491,,0 / 23,42514,2017-11-09 18:54:08:971
0.3926,0.6512,10.0461,0.3403,0.7372,9.7729,-0.1558,-0.2115,0.1975,0.0373,0.0181,-0.0106,402.0,6.56,1.31,-50.12,298.46,-4.31,-1.99,5.0,45.548,55.753143,48.743607,212.6,191.0336761,,23.491,,0 / 23,43014,2017-11-09 18:54:09:471
0.4022,0.3926,10.3908,0.3545,0.6453,9.7789,0.3558,-0.2899,-0.5817,-0.0043,-0.0298,-0.0554,399.0,6.13,1.31,-49.87,307.99,-3.83,-2.08,5.0,46.357,55.753143,48.743607,212.6,191.0336761,,23.491,,0 / 23,43514,2017-11-09 18:54:09:971
0.1915,0.3448,9.9599,0.3692,0.6124,9.7805,0.6779,-0.2933,-0.1443,0.0309,0.0287,-0.0138,387.0,6.69,3.25,-50.37,305.01,-3.63,-2.03,5.0,42.701,55.753143,48.743607,212.6,191.0336761,,23.491,,0 / 23,44014,2017-11-09 18:54:10:471
0.1628,0.6608,9.8928,0.4,0.4992,9.7857,0.0482,0.1733,-0.2269,0.0011,-0.0245,-0.05,375.0,6.94,3.31,-49.56,301.75,-2.96,-2.29,5.0,43.188,55.753143,48.743607,212.6,191.0336761,,23.491,,0 / 23,44514,2017-11-09 18:54:10:971
0.565,0.4597,8.8873,0.4114,0.5292,9.7837,0.0276,-0.3947,0.1377,0.0756,-0.0117,0.0394,360.0,8.0,1.94,-50.0,294.58,-3.06,-2.48,5.0,43.837,55.753143,48.743607,212.6,191.0336761,,23.491,,0 / 23,45014,2017-11-09 18:54:11:471
0.3735,0.0192,10.4291,0.4917,0.4926,9.7819,-0.3669,-0.201,0.9044,-0.0117,0.0128,-0.2002,354.0,8.94,3.94,-51.62,296.43,-3.01,-2.68,5.0,42.482,55.753143,48.743607,212.6,191.0336761,,23.491,,0 / 23,45514,2017-11-09 18:54:11:971
1.1396,-0.316,10.7548,0.4808,0.4956,9.7823,0.2632,-0.4002,0.5509,0.0447,-0.0043,0.0266,348.0,7.94,3.94,-51.81,302.05,-2.9,-2.81,5.0,42.03,55.753143,48.743607,212.6,191.0336761,,23.491,,0 / 23,46014,2017-11-09 18:54:12:471
0.6225,0.2873,10.3046,0.4571,0.4895,9.7837,0.5505,-0.3253,0.3141,0.0075,-0.0128,-0.0522,339.0,8.88,3.38,-53.25,300.23,-2.88,-2.55,5.0,42.267,55.753143,48.743607,212.6,191.0336761,,23.491,,0 / 23,46513,2017-11-09 18:54:12:970
0.5267,0.067,10.1418,0.43,0.4779,9.7855,-0.175,-0.3025,-0.0402,-0.0522,-0.0117,0.0394,327.0,10.44,3.56,-53.31,298.02,-2.79,-2.52,5.0,43.122,55.753143,48.743607,212.6,191.0336761,,23.491,,0 / 23,47014,2017-11-09 18:54:13:471
0.4022,0.5746,9.9695,0.461,0.4859,9.7837,-0.4929,0.2175,-0.3036,0.0266,0.0043,-0.0586,318.0,10.81,2.69,-54.5,292.64,-2.84,-2.7,5.0,42.99,55.753143,48.743607,212.6,191.0336761,,23.491,,0 / 22,47513,2017-11-09 18:54:13:970
0.2682,0.6321,9.8545,0.4925,0.4606,9.7834,0.0344,0.0468,0.0301,-0.0245,0.0096,-0.0021,312.0,9.19,3.0,-54.19,293.03,-2.62,-3.04,5.0,41.765,55.753143,48.743607,212.6,191.0336761,,23.491,,0 / 22,48014,2017-11-09 18:54:14:471
0.316,0.3448,9.663,0.4737,0.4453,9.785,-0.0148,-0.2215,-0.0397,0.0149,-0.0096,-0.0085,303.0,9.56,2.13,-55.5,289.47,-2.6,-2.77,5.0,43.201,55.753143,48.743607,212.6,191.0336761,,23.491,,0 / 22,48514,2017-11-09 18:54:14:971
0.3256,0.5746,9.5481,0.4534,0.494,9.7836,-0.1321,0.0721,-0.2937,-0.0266,0.0,-0.0437,297.0,11.0,0.19,-57.0,286.56,-2.8,-2.67,5.0,46.208,55.753143,48.743607,212.6,191.0336761,,23.491,,0 / 22,49014,2017-11-09 18:54:15:471
0.929,0.0383,9.7492,0.4984,0.5476,9.7786,0.3369,0.1267,-0.2496,0.016,-0.0511,0.0564,288.0,10.75,-2.0,-57.44,274.78,-3.2,-2.75,5.0,45.867,55.753143,48.743607,212.6,191.0336761,,23.491,,0 / 22,49514,2017-11-09 18:54:15:971
0.747,0.5267,9.7971,0.5229,0.6596,9.7704,-0.2983,0.008,-0.809,-0.0522,-0.0138,-0.0735,279.0,11.06,-3.87,-57.56,273.53,-3.85,-2.94,5.0,42.6,55.753143,48.743607,212.6,191.0336761,,23.491,,0 / 22,50014,2017-11-09 18:54:16:471
0.2107,0.5363,9.4619,0.4952,0.8038,9.761,-0.4213,-0.2128,-0.4095,0.0224,0.0181,-0.0138,273.0,10.94,-5.19,-57.0,267.58,-4.47,-3.04,5.0,46.085,55.753143,48.743607,212.6,191.0336761,,23.491,,0 / 22,50514,2017-11-09 18:54:16:971
0.2873,0.2969,9.9311,0.5263,0.8829,9.7526,-0.1269,-0.1913,-0.1038,0.0362,0.0245,-0.083,267.0,10.13,-7.87,-57.56,257.94,-5.17,-3.09,5.0,46.546,55.753143,48.743607,212.6,191.0336761,,23.491,,0 / 22,51014,2017-11-09 18:54:17:471
0.3926,0.182,9.6822,0.5902,0.9727,9.7404,-0.1002,-0.8747,0.3472,-0.0468,-0.0202,-0.1278,261.0,10.88,-9.44,-55.56,256.39,-5.69,-3.47,5.0,44.706,55.753143,48.743607,212.6,191.0336761,,23.491,,0 / 22,51513,2017-11-09 18:54:17:970
0.7087,0.4884,9.5672,0.5939,1.0841,9.7284,0.109,-0.6093,-0.2185,-0.0298,-0.0575,-0.3332,252.0,11.63,-11.06,-55.06,249.06,-6.41,-3.54,5.0,41.306,55.753143,48.743607,212.6,191.0336761,,23.491,,0 / 22,52013,2017-11-09 18:54:18:470
0.7661,0.3352,9.596,0.5857,1.2593,9.7078,0.1454,-0.833,0.0826,-0.05,-0.0309,-0.3045,252.0,12.38,-10.87,-53.44,254.32,-7.04,-3.41,5.0,39.839,55.753143,48.743607,212.6,191.0336761,,23.491,,0 / 23,52513,2017-11-09 18:54:18:970
0.747,0.4022,9.6343,0.5334,1.2772,9.7084,-0.0655,-0.6073,0.1937,0.0075,-0.0021,-0.2715,252.0,14.31,-10.06,-52.25,259.06,-7.48,-3.14,5.0,39.234,55.753143,48.743607,212.6,191.0336761,,23.491,,0 / 23,53014,2017-11-09 18:54:19:471
0.8332,0.1437,9.7971,0.4693,1.3199,9.706,-0.4639,-0.9715,0.6127,0.0021,-0.0181,-0.3897,261.0,14.63,-9.56,-50.12,259.31,-7.74,-2.77,5.0,40.634,55.753143,48.743607,212.6,191.0336761,,23.491,,0 / 23,53514,2017-11-09 18:54:19:971
0.431,0.0575,10.2663,0.4244,1.2404,9.7186,-0.0918,-1.0998,0.4448,-0.0649,-0.0479,-0.3034,273.0,15.63,-8.44,-48.31,264.56,-7.55,-2.5,5.0,44.647,55.753143,48.743607,212.6,191.0336761,,23.491,,0 / 23,54014,2017-11-09 18:54:20:471
0.5555,0.431,9.6151,0.4316,1.1808,9.7257,0.1028,-0.7792,-0.2748,-0.1011,-0.1182,-0.4088,276.0,16.75,-5.44,-48.56,272.9,-7.0,-2.47,5.0,42.589,55.753143,48.743607,212.6,191.0336761,,23.491,,0 / 23,54514,2017-11-09 18:54:20:971
1.6951,0.0862,10.3334,1.3903,0.8857,9.667,0.305,-0.8693,-0.139,-0.0713,-0.0894,-0.2395,204.0,12.94,-5.37,-49.25,267.04,-4.86,-8.27,5.0,42.817,55.753143,48.743607,212.6,191.0336761,,23.491,,0 / 23,55013,2017-11-09 18:54:21:470
1.5706,-0.2298,9.8641,1.332,0.8244,9.6807,0.7514,-0.7689,0.2125,-0.0064,0.0021,-0.3013,213.0,13.25,-2.06,-48.56,275.18,-4.62,-7.89,5.0,38.123,55.753143,48.743607,212.6,191.0336761,,23.491,,0 / 23,55514,2017-11-09 18:54:21:971
1.3503,-0.1532,7.8626,1.2812,0.5878,9.7048,0.7158,-0.8132,-0.0182,0.0373,0.0969,-0.3247,186.0,13.69,1.88,-48.62,282.98,-3.34,-7.61,5.0,42.129,55.753143,48.743607,212.6,191.0336761,,23.491,,0 / 23,56014,2017-11-09 18:54:22:471
1.4653,-1.1301,10.1323,1.3825,0.2254,9.706,-0.9291,-0.0397,0.4123,-0.1182,-0.0788,-0.3141,111.0,10.56,5.69,-47.81,292.38,-1.47,-7.82,5.0,42.424,55.753143,48.743607,212.6,191.0336761,,23.491,,0 / 23,56514,2017-11-09 18:54:22:971
2.5283,0.8045,8.1211,0.184,1.3569,9.7105,2.3842,-0.5796,-1.8285,0.8379,0.4716,1.2893,123.0,12.75,-1.06,-49.69,292.1,-4.92,-0.03,5.0,49.413,55.753143,48.743607,212.6,191.0336761,,23.491,,0 / 23,57013,2017-11-09 18:54:23:470
-0.1245,-0.5363,9.4044,0.2692,0.1336,9.802,-0.3202,-1.0403,1.9635,-0.0564,-0.0873,-0.9539,138.0,14.38,-1.87,-49.75,264.83,-0.69,-1.75,5.0,47.311,55.753143,48.743607,212.6,191.0336761,,23.491,,0 / 23,57514,2017-11-09 18:54:23:971
0.5363,-0.3831,10.228,0.1581,0.0674,9.8051,0.2167,-0.394,0.5868,0.033,0.0181,0.0926,150.0,12.81,1.0,-51.5,275.62,-0.4,-0.83,5.0,42.865,55.753143,48.743607,212.6,191.0336761,,23.491,,0 / 23,58014,2017-11-09 18:54:24:471
0.2969,-0.1915,9.8641,0.1797,-0.0392,9.8049,0.1441,-0.3656,0.4009,0.0128,0.0192,0.017,162.0,12.75,-0.75,-51.75,273.67,0.12,-0.98,5.0,48.232,55.753143,48.743607,212.6,191.0336761,,23.491,,0 / 23,58514,2017-11-09 18:54:24:971
0.067,-0.0192,9.596,0.1554,-0.1107,9.8047,0.0867,-0.009,-0.5601,-0.0213,-0.0128,-0.2044,255.0,11.56,0.44,-52.37,267.39,0.65,-0.91,5.0,46.489,55.753143,48.743607,212.6,191.0336761,,23.491,,0 / 23,59014,2017-11-09 18:54:25:471
0.0575,0.0096,9.5864,0.1301,-0.0749,9.8055,0.0947,0.0557,-0.4823,-0.0011,0.0096,0.0202,195.0,8.88,0.0,-52.56,267.29,0.51,-0.8,5.0,50.403,55.753143,48.743607,212.6,191.0336761,,23.491,,0 / 23,59514,2017-11-09 18:54:25:971
0.5459,-0.1628,9.596,0.1758,0.0209,9.805,0.4802,-0.1975,-0.1975,0.0021,-0.4642,-1.136,159.0,8.06,-1.62,-53.25,258.09,-0.12,-1.03,5.0,41.685,55.753143,48.743607,212.6,191.0336761,,23.491,,0 / 23,60014,2017-11-09 18:54:26:471
-0.1437,0.7183,10.0652,0.0531,0.7949,9.7742,-0.6954,-0.0596,0.0692,-0.0192,-0.0266,-0.1086,177.0,4.0,-4.25,-54.12,275.65,-4.72,-0.61,5.0,41.57,55.753143,48.743607,212.6,191.0336761,,23.491,,0 / 23,60514,2017-11-09 18:54:26:971
0.1532,0.5459,10.161,0.1907,0.8164,9.7707,-0.0573,-0.2649,0.3359,-0.1352,-0.1895,0.0266,183.0,4.38,-4.75,-53.37,267.19,-5.02,-0.23,5.0,41.596,55.753143,48.743607,212.6,191.0336761,,23.491,,0 / 23,61014,2017-11-09 18:54:27:471
0.68,0.4501,9.8258,0.5573,0.6834,9.7669,-0.1581,0.019,-0.6495,-0.0884,-0.0149,-0.0128,180.0,0.63,-4.25,-53.5,265.63,-4.0,-3.27,5.0,42.751,55.753143,48.743607,212.6,191.0336761,,23.491,,0 / 23,61514,2017-11-09 18:54:27:971
0.3256,0.6033,9.5864,0.599,0.8163,9.7542,-0.346,-0.4463,0.6266,-0.0234,0.0319,-0.0437,228.0,0.25,-7.44,-53.06,248.29,-4.67,-3.47,5.0,44.651,55.753143,48.743607,212.6,191.0336761,,23.491,,0 / 23,62013,2017-11-09 18:54:28:470
0.9194,0.5076,9.3374,0.751,1.0365,9.7227,-0.1022,-0.5935,0.1869,0.0075,0.0181,-0.0362,285.0,-0.19,-9.5,-52.62,230.31,-6.06,-4.4,5.0,46.906,55.753143,48.743607,212.6,191.0336761,,23.491,,0 / 23,62514,2017-11-09 18:54:28:971
0.814,0.1532,9.6534,0.9093,1.3109,9.6759,-0.313,-0.719,0.0067,0.0149,0.0373,-0.0011,303.0,0.25,-11.87,-52.75,216.99,-7.58,-5.3,5.0,42.285,55.753143,48.743607,212.6,191.0336761,,23.491,,0 / 23,63014,2017-11-09 18:54:29:471
0.5938,0.4884,9.3374,0.9914,1.5264,9.6362,-0.5652,-1.005,-0.2141,-0.0256,-0.0256,0.0234,312.0,0.44,-15.25,-52.25,218.19,-8.95,-5.87,5.0,46.125,55.753143,48.743607,212.6,191.0336761,,23.491,,0 / 23,63513,2017-11-09 18:54:29:970
0.6608,0.1532,9.8545,1.1793,1.5943,9.604,-0.3806,-1.0349,-0.2985,-0.0554,0.0138,0.0043,315.0,0.38,-15.81,-51.12,224.58,-9.68,-6.96,5.0,46.82,55.753143,48.743607,212.6,191.0336761,,23.491,,0 / 23,64013,2017-11-09 18:54:30:470
1.0247,0.1245,9.845,1.2899,1.718,9.5684,-0.357,-1.5279,-0.1179,-0.0394,0.0298,0.0149,315.0,-0.44,-17.31,-49.56,218.17,-10.07,-7.6,5.0,44.245,55.753143,48.743607,212.6,191.0336761,,23.491,,0 / 23,64514,2017-11-09 18:54:30:971
0.5076,0.2107,9.4906,1.3974,1.677,9.5606,-0.9929,-1.4506,0.1952,0.017,-0.0234,-0.0362,309.0,0.5,-18.06,-48.25,220.81,-10.13,-8.53,5.0,46.325,55.753143,48.743607,212.6,191.0336761,,23.491,,0 / 23,65014,2017-11-09 18:54:31:471
0.7949,0.431,9.7109,1.5255,1.6604,9.5438,-0.7046,-1.449,0.4509,-0.016,-0.0053,-0.0948,309.0,1.0,-20.94,-45.81,218.57,-9.94,-9.28,5.0,44.327,55.753143,48.743607,212.6,191.0336761,,23.491,,0 / 23,65514,2017-11-09 18:54:31:971
0.6225,0.3543,10.3717,1.5041,1.5878,9.5596,-0.7039,-1.0741,-0.2118,0.016,0.0032,-0.0958,312.0,3.06,-21.44,-44.0,215.46,-9.32,-8.94,5.0,47.329,55.753143,48.743607,212.6,191.0336761,,23.491,,0 / 23,66014,2017-11-09 18:54:32:471
0.7566,0.182,10.0652,1.5573,1.3934,9.5814,-0.8595,-0.7253,0.0484,-0.05,0.0106,0.0756,309.0,3.5,-20.19,-41.94,217.04,-8.5,-9.47,5.0,43.067,55.753143,48.743607,212.6,191.0336761,,23.491,,0 / 23,66514,2017-11-09 18:54:32:971
0.6991,0.3543,10.0269,1.4932,1.1524,9.6235,-0.8931,-0.9525,0.3085,-0.0735,-0.0298,0.0437,306.0,3.25,-20.62,-39.87,212.26,-6.97,-8.95,5.0,42.897,55.753143,48.743607,212.6,191.0336761,,23.491,,0 / 23,67014,2017-11-09 18:54:33:471
0.4597,0.4118,9.8258,1.3263,0.9023,9.6745,-0.9411,-0.2206,-0.792,-0.0649,-0.0011,0.0224,303.0,3.94,-20.37,-37.12,209.49,-5.47,-8.02,5.0,48.578,55.753143,48.743607,212.6,191.0336761,,23.491,,0 / 23,67514,2017-11-09 18:54:33:971
1.0343,0.182,9.3661,1.2348,0.758,9.699,-1.0206,-0.7668,0.0754,0.0106,0.0043,-0.0256,303.0,3.19,-16.31,-36.62,206.8,-4.61,-7.43,5.0,47.818,55.753143,48.743607,212.6,191.0336761,,23.491,,0 / 23,68015,2017-11-09 18:54:34:472
1.1684,1.0247,9.1363,1.1091,0.686,9.7195,-0.2323,-0.1136,-0.3781,0.0671,0.2278,0.0926,306.0,2.13,-16.44,-34.06,203.55,-3.74,-6.79,5.0,44.622,55.753143,48.743607,212.6,191.0336761,,23.491,,0 / 23,68514,2017-11-09 18:54:34:971
0.3352,0.4022,10.0078,0.8959,0.8026,9.7326,-0.224,-0.3067,0.3361,-0.016,0.017,-0.0522,324.0,2.06,-15.31,-32.44,200.36,-4.73,-5.09,5.0,42.879,55.753143,48.743607,212.6,191.0336761,,23.491,,0 / 23,69013,2017-11-09 18:54:35:470
0.2107,0.6704,9.2895,1.0141,0.6567,9.7319,-0.8135,0.0066,-0.4967,-0.0128,0.0106,0.1831,315.0,-0.19,-14.25,-31.56,195.65,-3.84,-5.95,5.0,41.53,55.753143,48.743607,212.6,191.0336761,,23.491,,0 / 23,69514,2017-11-09 18:54:35:971
1.0534,0.4022,9.6534,1.161,0.5051,9.7245,-0.4761,-0.0304,0.1662,0.0468,0.0053,0.1075,303.0,-1.87,-12.75,-29.75,187.17,-3.12,-6.77,5.0,42.102,55.753143,48.743607,212.6,191.0336761,,23.491,,0 / 23,70014,2017-11-09 18:54:36:471
0.565,0.7374,9.0214,1.2688,0.4668,9.713,-0.5182,0.2605,-1.0049,-0.0458,0.0256,-0.0511,300.0,-4.69,-11.87,-28.37,172.96,-2.83,-7.49,5.0,50.929,55.753143,48.743607,212.6,191.0336761,,23.491,,0 / 23,70514,2017-11-09 18:54:36:971
0.3831,0.1245,10.094,1.4355,0.4083,9.6924,-1.0958,-0.3079,0.353,-0.0192,-0.0128,-0.0128,300.0,-6.25,-11.5,-26.75,169.82,-2.5,-8.51,5.0,51.56,55.753143,48.743607,212.6,191.0336761,,23.491,,0 / 23,71013,2017-11-09 18:54:37:470
0.6321,0.1341,10.0078,1.6031,0.2995,9.67,-0.729,-0.2521,0.0852,0.0405,0.0224,-0.0106,300.0,-8.5,-11.19,-24.75,159.55,-1.75,-9.41,5.0,44.58,55.753143,48.743607,212.6,191.0336761,,23.491,,0 / 23,71513,2017-11-09 18:54:37:970
0.2394,0.1053,10.0748,1.6615,0.0685,9.6646,-1.0113,0.3797,-1.0843,0.0447,-0.0181,0.0958,297.0,-10.56,-9.87,-24.25,149.25,-0.64,-9.77,5.0,51.45,55.753143,48.743607,212.6,191.0336761,,23.491,,0 / 23,72013,2017-11-09 18:54:38:470
0.7661,0.316,9.7683,1.5182,0.0687,9.6881,-0.9085,0.5683,-0.0898,0.0021,-0.0128,-0.0181,294.0,-11.19,-11.0,-22.5,148.08,-0.48,-8.81,5.0,50.89,55.753143,48.743607,212.6,191.0336761,,23.491,,0 / 23,72514,2017-11-09 18:54:38:971
0.4501,0.067,10.3142,1.4945,-0.027,9.692,-1.0611,0.0859,0.5632,-0.0692,0.0202,-0.1299,291.0,-15.0,-10.5,-21.37,131.18,0.2,-9.01,5.0,49.424,55.753143,48.743607,212.6,191.0336761,,23.491,,0 / 23,73014,2017-11-09 18:54:39:471
0.7566,0.5555,8.8873,1.3126,4.0E-4,9.7184,-0.4113,0.4877,-0.54,-0.0309,0.0149,0.1629,285.0,-15.0,-11.62,-21.19,133.11,0.17,-7.92,5.0,46.348,55.753143,48.743607,212.6,191.0336761,,23.491,,0 / 23,73513,2017-11-09 18:54:39:970
0.498,0.1628,10.3142,1.0697,0.0654,9.7479,-0.5651,0.0884,0.5049,-0.0011,-0.0085,0.066,282.0,-15.31,-11.81,-20.81,133.2,-0.38,-6.26,5.0,53.622,55.753143,48.743607,212.6,191.0336761,,23.491,,0 / 23,74014,2017-11-09 18:54:40:471
0.8715,0.3256,9.8545,0.8782,0.1724,9.7657,-0.3827,0.6896,-0.9719,0.0532,-0.0032,-0.0437,276.0,-16.25,-12.69,-19.87,129.53,-0.84,-5.09,5.0,51.173,55.753143,48.743607,212.6,191.0336761,,23.491,,0 / 23,74514,2017-11-09 18:54:40:971
0.6416,0.6704,9.2991,0.7957,0.242,9.7713,0.0605,-0.0437,0.0228,0.0213,-0.0085,-0.1682,264.0,-14.62,-13.0,-19.81,133.11,-1.41,-4.66,5.0,57.236,55.753143,48.743607,212.6,191.0336761,,23.491,,0 / 23,75013,2017-11-09 18:54:41:470
1.1588,0.0,10.3813,0.7949,0.3208,9.7691,0.1076,0.1001,0.3103,0.0,0.0011,-0.4418,210.0,-13.44,-14.44,-20.37,135.15,-1.62,-4.64,5.0,40.341,55.753143,48.743607,212.6,191.0336761,,23.491,,0 / 23,75513,2017-11-09 18:54:41:970
0.5076,0.68,9.5864,0.8407,0.299,9.7659,-0.3181,-0.0742,-0.0118,-0.0021,-0.0064,-0.3694,195.0,-12.44,-16.25,-19.87,146.3,-1.75,-4.92,5.0,41.051,55.753143,48.743607,212.6,191.0336761,,23.491,,0 / 23,76014,2017-11-09 18:54:42:471
0.2203,0.5842,9.481,0.7495,0.3365,9.7721,-0.3636,0.2946,-0.183,-0.0394,0.0138,-0.3407,162.0,-9.37,-17.62,-20.5,155.65,-2.05,-4.46,5.0,40.779,55.753143,48.743607,212.6,191.0336761,,23.491,,0 / 23,76514,2017-11-09 18:54:42:971
0.6704,0.3543,9.7588,0.8103,0.3391,9.7672,0.012,0.0428,0.0763,0.0128,0.0256,-0.2417,159.0,-9.0,-19.0,-19.25,158.0,-1.98,-4.74,5.0,43.017,55.753143,48.743607,212.6,191.0336761,,23.491,,0 / 23,77014,2017-11-09 18:54:43:471
0.5842,0.2298,10.1131,0.8009,0.3918,9.766,-0.46,-0.1357,0.3301,-0.0011,-0.0075,-0.4056,159.0,-4.81,-19.5,-21.56,170.37,-2.2,-4.72,5.0,42.38,55.753143,48.743607,212.6,191.0336761,,23.491,,0 / 23,77513,2017-11-09 18:54:43:970
1.0534,0.5076,9.7779,0.8147,0.4374,9.7629,-0.2925,0.0887,-0.1573,-0.0554,0.0,-0.3929,162.0,-2.0,-20.25,-20.5,176.12,-2.46,-4.63,5.0,41.758,55.753143,48.743607,212.6,191.0336761,,23.491,,0 / 23,78013,2017-11-09 18:54:44:470
0.6321,0.2394,9.7971,0.7166,0.3975,9.7723,-0.8128,0.3158,-0.1153,-0.0256,-0.0383,-0.3449,171.0,2.19,-20.62,-20.69,189.94,-2.32,-4.19,5.0,41.595,55.753143,48.743607,212.6,191.0336761,,23.491,,0 / 23,78514,2017-11-09 18:54:44:971
0.68,0.3256,10.1706,0.692,0.3818,9.7747,-0.0971,0.0735,-0.4023,-0.0351,-0.0149,-0.3215,174.0,5.38,-18.81,-22.12,202.4,-2.32,-4.1,5.0,40.629,55.753143,48.743607,212.6,191.0336761,,23.491,,0 / 23,79014,2017-11-09 18:54:45:471
0.431,0.1628,9.979,0.6558,0.3992,9.7765,-0.3759,0.0122,-0.2469,-0.033,-0.0085,-0.3077,189.0,7.56,-17.94,-22.06,208.92,-2.33,-3.84,5.0,38.568,55.753143,48.743607,212.6,191.0336761,,23.491,,0 / 23,79514,2017-11-09 18:54:45:971
0.747,0.498,8.6574,0.6876,0.4269,9.7731,-0.5863,-0.2675,0.3909,-0.0256,-0.0096,-0.4727,171.0,10.38,-15.56,-21.94,217.34,-2.41,-4.01,5.0,40.163,55.753143,48.743607,212.6,191.0336761,,23.491,,0 / 23,80014,2017-11-09 18:54:46:471
1.1301,0.3735,9.5864,0.714,0.4088,9.772,0.3846,-0.3408,0.3168,-0.0479,-0.0745,-0.3918,96.0,12.13,-13.5,-23.0,228.51,-2.39,-4.18,5.0,46.521,55.753143,48.743607,212.6,191.0336761,,23.491,,0 / 23,80513,2017-11-09 18:54:46:970
0.3926,0.2682,10.2472,0.7255,0.4024,9.7714,-0.1071,-0.1172,0.3849,-0.0309,0.0351,-0.3471,126.0,13.75,-10.62,-23.69,236.9,-2.11,-4.13,5.0,43.792,55.753143,48.743607,212.6,191.0336761,,23.491,,0 / 23,81013,2017-11-09 18:54:47:470
0.7853,0.6704,10.2472,1.0264,0.5904,9.7348,-0.5509,0.1214,0.0239,0.3034,-0.3556,0.0362,153.0,12.75,-10.5,-24.5,241.08,-2.85,-5.0,5.0,40.424,55.753143,48.743607,212.6,191.0336761,,23.491,,0 / 23,81514,2017-11-09 18:54:47:971
-1.5514,0.1341,10.6494,0.4543,0.3766,9.7888,-1.3589,-0.1236,0.2109,0.0479,-0.0735,0.8922,132.0,11.06,-13.5,-24.37,225.63,-2.3,-3.19,5.0,41.006,55.753143,48.743607,212.6,191.0336761,,23.491,,0 / 23,82014,2017-11-09 18:54:48:471
0.4022,0.1437,9.5864,-0.3175,0.5835,9.7841,-0.1719,-0.6917,-0.2447,0.0149,-0.1884,0.0202,123.0,9.31,-19.87,-19.75,205.38,-3.44,1.65,5.0,38.348,55.753143,48.743607,212.6,191.0336761,,23.491,,0 / 22,82514,2017-11-09 18:54:48:971
0.9481,-0.2969,10.7931,0.6594,0.2623,9.7809,0.3172,-0.2894,0.9568,-0.0948,-0.3343,0.083,129.0,6.25,-19.06,-18.94,201.44,-1.53,-3.86,5.0,38.34,55.753143,48.743607,212.6,191.0336761,,23.491,,0 / 22,83013,2017-11-09 18:54:49:470
0.6321,0.4501,9.6726,0.7667,0.2098,9.7743,0.3151,0.6498,-0.5329,0.0256,0.0617,0.3524,114.0,3.19,-19.62,-17.87,196.17,-0.92,-4.33,5.0,46.736,55.753143,48.743607,212.6,191.0336761,,23.491,,0 / 22,83514,2017-11-09 18:54:49:971
0.0766,0.3065,9.6534,0.6986,0.2511,9.7785,-0.426,0.0574,-0.2605,-0.0298,0.0287,0.033,96.0,2.19,-19.81,-18.94,189.74,-1.47,-4.09,5.0,45.842,55.753143,48.743607,212.6,191.0336761,,23.491,,0 / 22,84013,2017-11-09 18:54:50:470
0.431,0.5746,9.3278,0.6753,0.2345,9.7805,0.015,0.1877,-0.0731,-0.0724,0.0256,-0.1661,66.0,4.19,-19.37,-18.56,196.03,-1.43,-4.03,5.0,46.683,55.753143,48.743607,212.6,191.0336761,,23.491,,0 / 22,84514,2017-11-09 18:54:50:971
0.431,0.249,9.5768,0.6346,0.2727,9.7822,-0.0656,0.0314,-0.6846,-0.0011,0.0309,-0.3471,249.0,6.19,-19.44,-18.31,201.13,-1.59,-3.71,5.0,44.235,55.753143,48.743607,212.6,191.0336761,,23.491,,0 / 22,85013,2017-11-09 18:54:51:470
0.5746,0.0575,10.3717,0.618,0.3356,9.7813,0.1572,-0.0813,0.5032,0.0277,0.0224,-0.0884,324.0,6.88,-18.87,-17.62,203.62,-2.01,-3.59,5.0,40.221,55.753143,48.743607,212.6,191.0336761,,23.491,,0 / 22,85513,2017-11-09 18:54:51:970
0.7374,0.3543,9.9407,0.634,0.3068,9.7813,0.0436,0.0383,0.2972,0.016,-0.0064,0.1075,339.0,6.56,-17.81,-17.06,204.8,-1.78,-3.68,5.0,46.691,55.753143,48.743607,212.6,191.0336761,,23.491,,0 / 22,86014,2017-11-09 18:54:52:471
0.747,0.2873,9.9024,0.6357,0.3137,9.7809,0.1952,0.1089,-0.8498,-0.0649,-0.0075,0.0064,345.0,6.0,-18.56,-17.0,201.01,-1.83,-3.72,5.0,46.87,55.753143,48.743607,212.6,191.0336761,,23.491,,0 / 22,86514,2017-11-09 18:54:52:971
0.9768,0.3543,9.7013,0.5611,0.337,9.7847,0.3584,0.0952,-0.0792,0.0916,0.0011,0.0969,348.0,5.63,-17.81,-16.56,204.47,-1.88,-3.21,5.0,42.777,55.753143,48.743607,212.6,191.0336761,,23.491,,0 / 22,87014,2017-11-09 18:54:53:471
0.7949,-0.0479,10.1514,0.542,0.3384,9.7858,-0.4664,0.405,-1.1,0.0649,0.0351,0.0,357.0,5.81,-18.94,-16.75,197.69,-1.86,-3.23,5.0,45.0,55.753143,48.743607,212.6,191.0336761,,23.491,,0 / 23,87514,2017-11-09 18:54:53:971
0.6129,0.6321,9.3948,0.5286,0.3231,9.787,0.0358,-0.1612,0.5856,0.016,0.016,-0.0479,363.0,6.5,-18.87,-15.69,200.33,-1.92,-3.04,5.0,44.907,55.753143,48.743607,212.6,191.0336761,,23.491,,0 / 23,88014,2017-11-09 18:54:54:471
0.5363,0.3926,9.7683,0.5734,0.3111,9.7849,-0.0393,-0.1798,0.4398,0.033,0.0405,-0.0468,369.0,6.38,-18.5,-16.19,201.55,-1.81,-3.3,5.0,44.588,55.753143,48.743607,212.6,191.0336761,,23.491,,0 / 23,88513,2017-11-09 18:54:54:970
0.5267,0.0,10.6494,0.6089,0.3246,9.7823,-0.3116,-0.2278,0.3645,-0.0468,0.017,0.0458,372.0,4.81,-17.62,-14.5,198.48,-1.9,-3.56,5.0,41.056,55.753143,48.743607,212.6,191.0336761,,23.491,,0 / 23,89013,2017-11-09 18:54:55:470
0.3448,1.1013,9.1171,0.6176,0.3105,9.7822,0.0159,-0.3285,-0.2335,0.1703,0.0277,-0.0032,375.0,5.06,-17.69,-13.94,199.45,-1.84,-3.5,5.0,50.122,55.753143,48.743607,212.6,191.0336761,,23.491,,0 / 23,89514,2017-11-09 18:54:55:971
0.8811,0.1532,10.0461,0.6248,0.3623,9.78,0.0134,-0.2386,0.131,0.0245,0.0458,-0.0745,384.0,4.25,-18.94,-14.19,194.81,-2.12,-3.66,5.0,45.741,55.753143,48.743607,212.6,191.0336761,,23.491,,0 / 23,90014,2017-11-09 18:54:56:471
0.5555,0.2873,10.0173,0.5717,0.3077,9.7851,-0.5551,0.2005,0.3618,0.0309,0.033,-0.0192,390.0,4.63,-18.31,-14.0,198.41,-1.79,-3.5,5.0,47.643,55.753143,48.743607,212.6,191.0336761,,23.491,,0 / 23,90514,2017-11-09 18:54:56:971
0.7183,0.498,9.6343,0.6507,0.3154,9.7799,-0.2817,-0.0718,0.0735,-0.0075,-0.0277,0.0213,393.0,3.13,-17.44,-13.0,193.09,-1.84,-3.81,5.0,41.976,55.753143,48.743607,212.6,191.0336761,,23.491,,0 / 23,91013,2017-11-09 18:54:57:470
0.6704,-0.0479,10.4004,0.7256,0.3117,9.7747,-0.095,-0.1249,0.0673,-0.0341,-0.0043,-0.066,396.0,2.94,-18.0,-11.75,193.1,-1.76,-4.19,5.0,41.895,55.753143,48.743607,212.6,191.0336761,,23.491,,0 / 23,91513,2017-11-09 18:54:57:970
0.5746,0.0958,10.1514,0.7083,0.3073,9.7762,0.1893,-0.1578,-0.0019,0.0298,-0.0011,-0.0192,399.0,3.19,-16.25,-11.75,193.88,-1.8,-4.14,5.0,47.258,55.753143,48.743607,212.6,191.0336761,,23.491,,0 / 23,92014,2017-11-09 18:54:58:471
0.747,-0.1532,10.1897,0.6366,0.2633,9.7824,0.1543,-0.2353,0.3743,0.1054,0.0075,0.0181,405.0,3.75,-17.62,-10.5,195.53,-1.62,-3.75,5.0,46.178,55.753143,48.743607,212.6,191.0336761,,23.491,,0 / 23,92514,2017-11-09 18:54:58:971
0.3448,0.9577,9.2129,0.6038,0.2632,9.7845,-0.2836,-0.4721,0.2841,0.1459,0.0138,-0.0351,408.0,3.31,-17.12,-10.5,192.25,-1.47,-3.69,5.0,44.229,55.753143,48.743607,212.6,191.0336761,,23.491,,0 / 23,93014,2017-11-09 18:54:59:471
0.8523,0.0575,10.1227,0.676,0.2481,9.7801,0.1202,-0.2935,0.3861,0.1065,0.0117,0.0064,408.0,4.25,-15.94,-9.69,193.14,-1.53,-3.9,5.0,47.548,55.753143,48.743607,212.6,191.0336761,,23.491,,0 / 23,93514,2017-11-09 18:54:59:971
0.4501,0.2682,9.5193,0.6929,0.3107,9.7772,0.1369,-0.1653,0.1834,0.0277,-0.0021,-0.0405,411.0,3.63,-14.75,-9.0,197.48,-1.76,-4.13,5.0,47.058,55.753143,48.743607,212.6,191.0336761,,23.491,,0 / 23,94014,2017-11-09 18:55:00:471
0.5938,0.3735,9.4715,0.5993,0.3357,9.7825,0.1512,-0.1172,-0.1256,-0.0309,-0.0287,-0.0713,417.0,3.38,-14.31,-7.94,197.84,-2.0,-3.55,5.0,41.285,55.753143,48.743607,212.6,191.0336761,,23.491,,0 / 23,94513,2017-11-09 18:55:00:970
0.9481,0.2682,10.1418,0.5877,0.3207,9.7837,-0.1354,-0.0094,0.1864,-0.0106,-0.0298,0.049,420.0,3.38,-12.44,-7.56,196.49,-1.87,-3.44,5.0,42.119,55.753143,48.743607,212.6,191.0336761,,23.491,,0 / 23,95014,2017-11-09 18:55:01:471
1.0056,0.1053,10.2568,0.6205,0.3199,9.7817,0.1569,0.235,-0.6166,0.0405,0.0383,0.0745,423.0,3.63,-12.75,-7.69,195.24,-1.78,-3.43,5.0,48.961,55.753143,48.743607,212.6,191.0336761,,23.491,,0 / 23,95514,2017-11-09 18:55:01:971
0.5842,0.6321,9.232,0.6462,0.3424,9.7793,-0.1227,0.0811,-0.5635,-0.0798,-0.0245,-0.0213,420.0,2.94,-11.81,-7.81,196.72,-2.0,-3.78,5.0,47.895,55.753143,48.743607,212.6,191.0336761,,23.491,,0 / 23,96014,2017-11-09 18:55:02:471
1.0247,0.1724,9.9216,0.6787,0.3257,9.7777,-0.1009,0.1844,0.0653,0.0021,-0.0106,-0.0756,423.0,2.88,-10.56,-7.44,197.87,-1.98,-3.9,5.0,44.82,55.753143,48.743607,212.6,191.0336761,,23.491,,0 / 23,96514,2017-11-09 18:55:02:971
0.3256,0.5459,9.596,0.6516,0.3325,9.7793,-0.3707,0.3421,-0.2109,0.0032,0.0096,0.0117,426.0,3.63,-9.56,-8.44,204.98,-1.88,-3.92,5.0,47.612,55.753143,48.743607,212.6,191.0336761,,23.491,,0 / 23,97014,2017-11-09 18:55:03:471
0.9481,0.1724,10.2089,0.5942,0.352,9.7822,0.3773,-0.2941,0.0601,-0.0021,0.0043,-0.0234,432.0,3.5,-8.87,-8.75,201.73,-2.16,-3.39,5.0,42.863,55.753143,48.743607,212.6,191.0336761,,23.491,,0 / 23,97514,2017-11-09 18:55:03:971
0.7374,0.8332,9.347,0.5981,0.3432,9.7823,0.1635,0.2629,0.0115,-0.0756,-0.0596,-0.0543,438.0,3.25,-8.69,-9.56,202.62,-2.01,-3.5,5.0,44.522,55.753143,48.743607,212.6,191.0336761,,23.491,,0 / 23,98014,2017-11-09 18:55:04:471
0.6608,0.1245,10.2472,0.6837,0.3053,9.778,0.4246,-0.2427,0.3684,-0.0053,-0.0106,-0.0394,393.0,3.81,-9.37,-11.12,210.71,-1.78,-3.93,5.0,45.166,55.753143,48.743607,212.6,191.0336761,,23.491,,0 / 23,98514,2017-11-09 18:55:04:971
0.929,0.1628,10.1801,0.6517,0.2938,9.7805,0.1726,-0.0739,-0.2312,0.0532,0.0298,0.0479,393.0,3.63,-7.44,-11.44,215.27,-1.72,-3.81,5.0,46.674,55.753143,48.743607,212.6,191.0336761,,23.491,,0 / 23,99014,2017-11-09 18:55:05:471
0.1724,0.3639,9.1746,0.6311,0.3067,9.7815,-0.1735,-0.22,0.0908,-0.0128,0.0096,-0.0309,441.0,2.88,-8.56,-10.62,205.19,-1.89,-3.52,5.0,48.378,55.753143,48.743607,212.6,191.0336761,,23.491,,0 / 23,99514,2017-11-09 18:55:05:971
0.68,0.4022,10.1035,0.594,0.3207,9.7833,0.0794,0.0795,0.2655,-0.0266,0.0213,0.0011,426.0,3.38,-8.19,-11.5,199.62,-1.79,-3.45,5.0,46.889,55.753143,48.743607,212.6,191.0336761,,23.491,,0 / 23,100014,2017-11-09 18:55:06:471
0.7661,0.067,10.0269,0.5738,0.2937,9.7854,-0.011,-0.3477,-0.168,-0.016,-0.0437,-0.0277,450.0,3.0,-8.44,-12.31,205.82,-1.72,-3.36,5.0,47.56,55.753143,48.743607,212.6,191.0336761,,23.491,,0 / 23,100513,2017-11-09 18:55:06:970
0.929,0.4118,9.6822,0.6274,0.3019,9.7818,0.2703,0.0628,-0.0076,0.0319,0.0096,-0.0596,447.0,3.13,-8.31,-12.12,201.29,-1.73,-3.64,5.0,43.614,55.753143,48.743607,212.6,191.0336761,,23.491,,0 / 23,101014,2017-11-09 18:55:07:471
0.8045,0.5363,9.3278,0.6077,0.3158,9.7827,0.1598,0.0284,0.2164,0.0117,0.033,0.1054,450.0,3.25,-8.06,-11.5,205.64,-1.79,-3.56,5.0,46.337,55.753143,48.743607,212.6,191.0336761,,23.491,,0 / 23,101513,2017-11-09 18:55:07:970
0.814,0.4214,9.5193,0.6277,0.2809,9.7825,-0.0528,0.0464,-0.1943,0.0298,0.016,0.0405,453.0,2.38,-8.5,-11.56,203.96,-1.77,-3.65,5.0,41.714,55.753143,48.743607,212.6,191.0336761,,23.491,,0 / 23,102014,2017-11-09 18:55:08:471
0.5555,0.4884,9.912,0.6188,0.3687,9.7801,0.0587,-0.1015,0.4448,-0.0639,0.0128,-0.2278,453.0,3.13,-8.81,-12.06,203.67,-2.06,-3.65,5.0,45.829,55.753143,48.743607,212.6,191.0336761,,23.491,,0 / 23,102514,2017-11-09 18:55:08:971
0.5171,0.5938,9.7109,0.5956,0.3128,9.7835,0.12,0.0595,0.1873,0.0117,-0.017,-0.3354,453.0,3.44,-8.0,-12.37,203.34,-1.9,-3.43,5.0,45.859,55.753143,48.743607,212.6,191.0336761,,23.491,,0 / 23,103014,2017-11-09 18:55:09:471
0.8523,0.0766,9.9216,0.6131,0.3361,9.7816,0.0791,-0.1027,-0.2916,-0.0032,-0.0245,-0.3886,420.0,3.81,-8.5,-12.0,211.99,-1.96,-3.59,5.0,45.34,55.753143,48.743607,212.6,191.0336761,,23.491,,0 / 23,103513,2017-11-09 18:55:09:970
0.3065,0.2011,9.3661,0.5641,0.4376,9.7806,-0.274,-0.1091,-0.3689,-0.049,-0.0362,-0.2672,258.0,5.56,-7.19,-12.62,226.35,-2.56,-3.3,5.0,38.752,55.753143,48.743607,212.6,191.0336761,,23.491,,0 / 23,104013,2017-11-09 18:55:10:470
0.2969,0.6416,9.4619,0.5775,0.4208,9.7805,-0.2472,0.2241,-0.5161,0.0437,-0.0117,-0.378,222.0,5.88,-5.56,-13.0,231.03,-2.42,-3.36,5.0,39.161,55.753143,48.743607,212.6,191.0336761,,23.491,,0 / 23,104513,2017-11-09 18:55:10:970
0.9673,0.0,10.094,0.6103,0.3743,9.7804,0.205,-0.3035,0.0626,-0.0617,-0.0628,-0.3087,243.0,7.63,-5.56,-13.94,238.25,-2.19,-3.57,5.0,40.951,55.753143,48.743607,212.6,191.0336761,,23.491,,0 / 23,105014,2017-11-09 18:55:11:471
0.7661,0.3448,9.8641,0.6983,0.3006,9.7771,0.0339,-0.1003,-0.0422,-0.0287,-0.0415,-0.3375,270.0,8.06,-1.44,-14.19,258.61,-1.68,-4.03,5.0,40.014,55.753143,48.743607,212.6,191.0336761,,23.491,,0 / 23,105513,2017-11-09 18:55:11:970
1.3599,-0.067,10.3621,0.9017,0.2159,9.7627,-0.0043,-0.2171,1.0316,-0.0628,0.0703,-0.8602,270.0,6.56,1.31,-14.62,278.95,-1.26,-5.28,5.0,40.522,55.753143,48.743607,212.6,191.0336761,,23.491,,0 / 23,106013,2017-11-09 18:55:12:470
1.0056,0.3448,9.2608,0.4683,0.3232,9.7901,0.5282,0.1264,-0.5332,0.0064,-0.0788,-0.2225,303.0,6.56,2.75,-16.62,304.1,-2.14,-2.8,5.0,38.628,55.753143,48.743607,212.6,191.0336761,,23.491,,0 / 23,106514,2017-11-09 18:55:12:971
-0.5363,1.5323,9.7396,0.5381,0.3961,9.7838,-1.1188,1.1883,0.4129,-0.0298,-0.0202,0.3854,357.0,6.44,1.69,-17.12,291.09,-2.31,-3.15,5.0,38.99,55.753143,48.743607,212.6,191.0336761,,23.491,,0 / 23,107014,2017-11-09 18:55:13:471
0.5938,0.3735,10.2089,0.6855,0.2881,9.7784,-0.6486,0.3042,0.0717,0.0703,0.1118,0.3045,402.0,8.5,1.69,-17.87,283.86,-1.67,-3.74,5.0,44.701,55.753143,48.743607,212.6,191.0336761,,23.491,,0 / 23,107514,2017-11-09 18:55:13:971
0.814,0.6608,9.1459,0.7338,0.3174,9.774,0.1077,-0.0106,0.0981,0.033,-0.017,-0.1384,408.0,7.88,1.94,-17.0,285.29,-1.85,-4.29,5.0,51.259,55.753143,48.743607,212.6,191.0336761,,23.491,,0 / 23,108014,2017-11-09 18:55:14:471
0.4501,0.3065,9.8545,0.7474,0.2524,9.7748,-0.2142,-0.0161,0.1074,-0.0522,-0.0053,-0.2917,420.0,7.19,3.0,-18.25,297.91,-1.42,-4.42,5.0,51.007,55.753143,48.743607,212.6,191.0336761,,23.491,,0 / 23,108514,2017-11-09 18:55:14:971
0.5171,0.7374,9.73,0.7864,0.2128,9.7727,-0.1742,0.2008,0.0605,-0.0522,-0.0213,-0.1235,420.0,5.81,4.19,-18.94,300.38,-1.24,-4.6,5.0,45.249,55.753143,48.743607,212.6,191.0336761,,23.491,,0 / 23,109013,2017-11-09 18:55:15:470
0.6129,-0.1053,10.3046,0.8168,0.1641,9.7711,-0.3014,-0.165,0.9838,-0.0373,0.0415,-0.0543,420.0,5.13,5.63,-20.56,308.94,-1.11,-4.8,5.0,43.331,55.753143,48.743607,212.6,191.0336761,,23.491,,0 / 23,109514,2017-11-09 18:55:15:971
0.7183,0.7278,8.8585,0.7238,0.1926,9.778,-0.106,-0.4489,0.3095,-0.0958,-0.0447,0.1107,429.0,6.31,5.13,-21.06,305.59,-1.09,-4.23,5.0,45.623,55.753143,48.743607,212.6,191.0336761,,23.491,,0 / 23,110014,2017-11-09 18:55:16:471
1.0247,-0.0096,10.7643,0.7366,0.2268,9.7763,0.0733,0.0073,0.7727,0.0862,-0.0011,0.0447,435.0,6.06,4.25,-21.69,300.54,-1.3,-4.23,5.0,47.175,55.753143,48.743607,212.6,191.0336761,,23.491,,0 / 23,110513,2017-11-09 18:55:16:970
0.747,0.5842,9.1842,0.7615,0.2633,9.7734,-0.1674,0.3922,-0.5678,-0.0245,0.033,0.0181,438.0,5.38,5.75,-22.37,314.76,-1.53,-4.28,5.0,44.511,55.753143,48.743607,212.6,191.0336761,,23.491,,0 / 23,111014,2017-11-09 18:55:17:471
0.5555,0.0958,10.2855,0.755,0.2353,9.7747,-0.0847,0.0958,0.0783,0.0543,0.0245,0.1267,441.0,5.56,5.94,-23.44,310.28,-1.47,-4.42,5.0,48.044,55.753143,48.743607,212.6,191.0336761,,23.491,,0 / 23,111513,2017-11-09 18:55:17:970
0.929,0.498,9.3853,0.7022,0.2803,9.7774,-0.1123,-0.0235,-0.1798,0.0149,-0.0032,-0.0309,450.0,6.19,5.19,-24.06,306.52,-1.68,-4.05,5.0,41.951,55.753143,48.743607,212.6,191.0336761,,23.491,,0 / 23,112013,2017-11-09 18:55:18:470
0.0766,0.4501,9.6247,0.6452,0.3475,9.7792,-0.2223,-0.0779,0.1416,-0.0479,-0.0309,-0.0373,459.0,6.38,5.44,-24.69,307.55,-2.03,-3.77,5.0,42.595,55.753143,48.743607,212.6,191.0336761,,23.491,,0 / 23,112514,2017-11-09 18:55:18:971
0.7949,0.2203,10.094,0.7183,0.3308,9.7747,0.284,-0.3193,0.2537,0.0043,-0.0192,-0.0202,465.0,5.44,5.69,-26.06,314.95,-1.88,-4.1,5.0,42.157,55.753143,48.743607,212.6,191.0336761,,23.491,,0 / 23,113014,2017-11-09 18:55:19:471
0.9481,0.3543,9.596,0.7147,0.3205,9.7753,-0.2588,0.0113,-0.0309,-0.0096,-0.0011,-0.017,468.0,6.19,6.19,-26.37,310.86,-1.83,-4.16,5.0,41.967,55.753143,48.743607,212.6,191.0336761,,23.491,,0 / 23,113514,2017-11-09 18:55:19:971
0.4597,0.7661,8.9256,0.6854,0.3068,9.7778,0.156,0.0829,0.4867,0.066,0.0192,0.0628,471.0,5.88,6.38,-26.5,311.05,-1.79,-4.01,5.0,44.887,55.753143,48.743607,212.6,191.0336761,,23.491,,0 / 23,114014,2017-11-09 18:55:20:471
0.4405,0.0096,10.3908,0.6449,0.3441,9.7793,-0.1872,-0.1655,0.7192,0.05,0.0149,0.0075,468.0,6.69,5.94,-27.56,307.9,-1.85,-3.81,5.0,43.147,55.753143,48.743607,212.6,191.0336761,,23.491,,0 / 23,114513,2017-11-09 18:55:20:970
0.6129,0.1245,10.0461,0.671,0.3311,9.778,-0.0244,-0.4494,0.2307,0.0564,0.0085,-0.0628,468.0,6.44,5.19,-28.12,308.01,-1.97,-3.89,5.0,43.785,55.753143,48.743607,212.6,191.0336761,,23.491,,0 / 23,115014,2017-11-09 18:55:21:471
0.7087,0.3256,9.7779,0.7443,0.3384,9.7724,0.1081,-0.3863,0.4134,-0.016,0.0075,-0.0128,480.0,5.5,5.63,-29.06,310.73,-2.08,-4.32,5.0,53.508,55.753143,48.743607,212.6,191.0336761,,23.491,,0 / 23,115514,2017-11-09 18:55:21:971
0.6321,0.5267,9.2225,0.7448,0.341,9.7723,-0.3377,0.1694,-0.2714,0.0319,0.0043,-0.0362,483.0,5.19,5.94,-29.31,314.19,-1.99,-4.36,5.0,53.27,55.753143,48.743607,212.6,191.0336761,,23.491,,0 / 23,116014,2017-11-09 18:55:22:471
0.9385,0.5938,9.5672,0.7262,0.3102,9.7747,-0.2692,-0.3217,0.2153,0.0745,0.0309,0.0969,486.0,6.19,5.13,-29.06,306.12,-1.97,-4.36,5.0,51.067,55.753143,48.743607,212.6,191.0336761,,23.491,,0 / 23,116514,2017-11-09 18:55:22:971
0.7087,0.6895,9.5385,0.6746,0.3471,9.7772,0.1218,0.1854,0.1246,0.0969,0.0085,0.0383,489.0,5.88,5.25,-30.94,306.81,-2.03,-3.95,5.0,48.62,55.753143,48.743607,212.6,191.0336761,,23.491,,0 / 23,117014,2017-11-09 18:55:23:471
0.7949,0.1437,9.73,0.6846,0.3335,9.777,0.1228,-0.3346,0.2426,0.0394,0.0181,-0.017,492.0,6.5,4.63,-31.19,306.72,-2.0,-3.97,5.0,49.458,55.753143,48.743607,212.6,191.0336761,,23.491,,0 / 23,117514,2017-11-09 18:55:23:971
0.3256,0.498,9.7683,0.6885,0.4222,9.7733,-0.3501,0.0513,-0.0584,0.0138,0.0277,-0.1554,495.0,5.81,2.81,-32.37,303.34,-2.52,-3.92,5.0,48.117,55.753143,48.743607,212.6,191.0336761,,23.491,,0 / 23,118014,2017-11-09 18:55:24:471
0.9481,0.067,10.2855,0.6876,0.4062,9.774,0.1563,-0.0054,0.1473,0.0458,-0.0043,-0.0639,495.0,5.56,3.81,-32.56,306.06,-2.29,-4.01,5.0,48.402,55.753143,48.743607,212.6,191.0336761,,23.491,,0 / 23,118513,2017-11-09 18:55:24:970
0.8332,0.2682,9.7588,0.6829,0.3832,9.7753,0.2744,-0.1303,-0.0205,0.0075,0.0117,0.0405,501.0,6.5,5.19,-34.25,303.98,-2.24,-4.0,5.0,52.762,55.753143,48.743607,212.6,191.0336761,,23.491,,0 / 23,119014,2017-11-09 18:55:25:471
0.4405,0.6512,9.1554,0.6377,0.3675,9.7789,0.1728,-0.4675,0.6033,0.0085,0.0383,0.0468,510.0,5.63,4.25,-34.12,302.89,-2.25,-3.76,5.0,50.19,55.753143,48.743607,212.6,191.0336761,,23.491,,0 / 23,119514,2017-11-09 18:55:25:971
0.7087,0.3926,9.3278,0.6307,0.4029,9.778,0.4152,0.1244,-0.0625,-0.0298,0.0224,-0.0617,513.0,6.38,3.63,-34.62,303.31,-2.35,-3.69,5.0,46.91,55.753143,48.743607,212.6,191.0336761,,23.491,,0 / 23,120014,2017-11-09 18:55:26:471
0.9098,0.0862,10.3238,0.6619,0.4281,9.7749,0.0825,-0.2887,-0.1482,0.0351,0.0032,-0.0181,522.0,6.0,4.0,-35.06,303.84,-2.6,-3.78,5.0,48.141,55.753143,48.743607,212.6,191.0336761,,23.491,,0 / 23,120513,2017-11-09 18:55:26:970
1.0343,0.4214,9.481,0.6489,0.3876,9.7774,0.1041,0.2013,-0.5706,0.0256,-0.0234,0.0138,528.0,5.69,3.69,-35.44,302.85,-2.27,-3.8,5.0,45.459,55.753143,48.743607,212.6,191.0336761,,23.491,,0 / 23,121013,2017-11-09 18:55:27:470
0.2203,0.8811,9.2129,0.6183,0.4112,9.7784,0.2587,-0.1701,0.3683,0.049,0.0011,-0.0309,531.0,6.63,3.56,-35.81,300.64,-2.4,-3.62,5.0,53.764,55.753143,48.743607,212.6,191.0336761,,23.491,,0 / 23,121514,2017-11-09 18:55:27:971
0.4501,0.3352,9.73,0.552,0.5195,9.7773,0.023,0.4193,-0.6686,0.0149,0.0202,0.0394,528.0,6.31,3.13,-36.12,292.94,-2.95,-3.37,5.0,49.812,55.753143,48.743607,212.6,191.0336761,,23.491,,0 / 23,122014,2017-11-09 18:55:28:471
1.0534,0.3065,9.2703,0.5974,0.5114,9.775,0.3874,0.1854,-0.4819,0.0394,-0.0351,-0.0564,531.0,6.56,1.75,-37.37,295.69,-3.06,-3.43,5.0,50.002,55.753143,48.743607,212.6,191.0336761,,23.491,,0 / 22,122514,2017-11-09 18:55:28:971
1.0151,0.1628,10.5632,0.5907,0.5211,9.7749,-0.0152,0.0056,-0.2457,-0.0532,-0.0607,-0.049,540.0,6.63,1.5,-38.06,295.84,-3.08,-3.48,5.0,42.631,55.753143,48.743607,212.6,191.0336761,,23.491,,0 / 22,123014,2017-11-09 18:55:29:471
1.0918,0.249,10.1418,0.6402,0.4917,9.7733,0.3272,-0.151,0.1186,0.0319,0.0,0.033,549.0,5.75,2.13,-37.81,294.64,-2.85,-3.68,5.0,52.717,55.753143,48.743607,212.6,191.0336761,,23.491,,0 / 22,123514,2017-11-09 18:55:29:971
0.7853,0.4118,9.3853,0.637,0.4943,9.7734,0.0264,0.1698,-0.5972,-0.0181,0.0021,0.0437,558.0,6.31,2.0,-38.19,294.69,-2.89,-3.73,5.0,50.277,55.753143,48.743607,212.6,191.0336761,,23.491,,0 / 22,124014,2017-11-09 18:55:30:471
0.996,-0.1149,10.5441,0.5634,0.536,9.7757,0.3906,-0.7333,0.9597,-0.0383,0.0245,-0.0064,564.0,6.38,0.81,-39.0,291.44,-3.29,-3.22,5.0,47.336,55.753143,48.743607,212.6,191.0336761,,23.491,,0 / 22,124514,2017-11-09 18:55:30:971
0.4788,0.4118,9.979,0.5878,0.5621,9.7728,-0.1006,-0.2646,0.2071,0.0192,-0.0245,-0.0319,576.0,5.69,-0.25,-39.75,285.48,-3.35,-3.39,5.0,48.631,55.753143,48.743607,212.6,191.0336761,,23.491,,0 / 22,125014,2017-11-09 18:55:31:471
0.7566,0.1437,10.1227,0.6146,0.6056,9.7686,0.3823,-0.0498,-0.0138,-0.0713,-0.0053,-0.0234,585.0,5.44,0.13,-40.31,288.4,-3.6,-3.56,5.0,45.914,55.753143,48.743607,212.6,191.0336761,,23.491,,0 / 22,125514,2017-11-09 18:55:31:971
0.4788,0.2682,9.7109,0.6289,0.5868,9.7688,0.3189,-0.5899,0.1624,-0.082,0.0607,0.0788,591.0,5.44,-0.37,-39.94,287.4,-3.43,-3.68,5.0,50.686,55.753143,48.743607,212.6,191.0336761,,23.491,,0 / 22,126014,2017-11-09 18:55:32:471
0.9768,0.0,9.7205,0.6009,0.6462,9.7668,0.298,-0.1102,-0.2376,-0.016,0.0309,-0.0106,597.0,5.75,-1.19,-40.12,280.79,-3.78,-3.52,5.0,47.788,55.753143,48.743607,212.6,191.0336761,,23.491,,0 / 22,126514,2017-11-09 18:55:32:971
0.3926,0.6225,9.6917,0.5446,0.7089,9.7658,-0.1552,-0.0949,-0.1286,0.0117,-0.0011,0.0277,600.0,5.69,-2.37,-40.94,276.5,-4.15,-3.21,5.0,45.358,55.753143,48.743607,212.6,191.0336761,,23.491,,0 / 22,127013,2017-11-09 18:55:33:470
0.1628,0.4118,10.6303,0.6285,0.8007,9.7536,-0.2995,-0.3938,0.4518,-0.0096,-0.017,0.0309,612.0,5.5,-4.5,-40.31,264.93,-4.68,-3.69,5.0,45.998,55.753143,48.743607,212.6,191.0336761,,23.491,,0 / 23,127513,2017-11-09 18:55:33:970
0.7566,0.5459,9.7779,0.6546,0.8031,9.7517,-0.1775,-0.3955,0.0129,-0.0383,-0.0085,-0.0309,519.0,5.81,-3.31,-41.12,265.02,-4.67,-3.97,5.0,49.572,55.753143,48.743607,212.6,191.0336761,,23.491,,0 / 23,128013,2017-11-09 18:55:34:470
0.8428,-0.1724,10.6398,0.6778,0.8191,9.7488,-0.1784,-0.0426,-1.0904,0.0266,0.0309,0.0681,558.0,5.38,-5.87,-40.44,251.53,-4.9,-4.0,5.0,48.558,55.753143,48.743607,212.6,191.0336761,,23.491,,0 / 23,128513,2017-11-09 18:55:34:970
0.2969,0.6704,9.7492,0.7144,0.8618,9.7425,-0.4808,-0.3405,-0.1555,0.0043,-0.017,0.0405,609.0,5.06,-4.62,-40.25,258.9,-5.26,-4.14,5.0,45.573,55.753143,48.743607,212.6,191.0336761,,23.491,,0 / 23,129013,2017-11-09 18:55:35:470
0.9577,0.2777,9.8737,0.6864,0.7422,9.7543,0.4874,-0.4862,0.4307,0.0043,-0.0181,-0.0852,615.0,4.81,-4.62,-40.25,255.12,-4.27,-3.85,5.0,49.695,55.753143,48.743607,212.6,191.0336761,,23.491,,0 / 23,129514,2017-11-09 18:55:35:971
1.1301,0.0,10.5824,0.7329,0.6896,9.7548,0.2564,-0.5458,0.3135,-0.0458,-0.0213,-0.1171,612.0,4.0,-4.19,-39.56,261.35,-4.04,-4.23,5.0,43.932,55.753143,48.743607,212.6,191.0336761,,23.491,,0 / 23,130014,2017-11-09 18:55:36:471
0.5363,0.0096,10.477,0.7381,0.7014,9.7536,-0.3102,-0.6338,0.0213,-0.0277,0.0053,-0.3056,564.0,3.63,-4.0,-39.87,260.61,-4.1,-4.33,5.0,48.212,55.753143,48.743607,212.6,191.0336761,,23.491,,0 / 23,130514,2017-11-09 18:55:36:971
0.6512,0.6321,9.596,0.6655,0.7573,9.7546,0.0122,-0.3754,0.0674,0.0234,0.0405,-0.3247,555.0,3.63,-3.69,-40.25,261.69,-4.35,-3.96,5.0,46.517,55.753143,48.743607,212.6,191.0336761,,23.491,,0 / 23,131014,2017-11-09 18:55:37:471
0.7853,0.5267,9.6726,0.5935,0.805,9.7555,0.5302,-0.7125,0.7344,0.0,-0.0128,-0.4344,570.0,3.31,-3.12,-39.44,262.04,-4.58,-3.58,5.0,40.19,55.753143,48.743607,212.6,191.0336761,,23.491,,0 / 23,131513,2017-11-09 18:55:37:970
0.9002,0.0,10.2951,0.4964,0.7678,9.7639,0.3046,-0.7586,0.49,0.0,-0.017,-0.3758,555.0,4.19,-3.56,-39.56,261.73,-4.49,-2.91,5.0,39.789,55.753143,48.743607,212.6,191.0336761,,23.491,,0 / 23,132013,2017-11-09 18:55:38:470
0.8428,0.2011,9.6055,0.4319,0.8131,9.7633,0.2269,-0.4937,-0.1169,0.0234,0.0117,-0.3535,525.0,3.69,-1.5,-39.56,282.78,-4.78,-2.61,5.0,51.022,55.753143,48.743607,212.6,191.0336761,,23.491,,0 / 23,132513,2017-11-09 18:55:38:970
1.063,0.3831,10.161,0.3963,0.7167,9.7723,0.3958,-0.5244,-0.5373,-0.0468,-0.0085,-0.3109,483.0,4.0,-0.19,-40.0,298.62,-4.33,-2.17,5.0,47.44,55.753143,48.743607,212.6,191.0336761,,23.491,,0 / 23,133014,2017-11-09 18:55:39:471
0.68,0.1724,10.3238,0.3256,0.6449,9.7799,0.1818,-0.2233,0.0245,-0.0032,-0.0522,-0.4003,465.0,4.56,0.38,-39.56,300.11,-3.84,-1.89,5.0,47.56,55.753143,48.743607,212.6,191.0336761,,23.491,,0 / 23,133514,2017-11-09 18:55:39:971
0.3448,0.4693,9.5098,0.2934,0.6089,9.7833,0.2637,-0.6273,0.3722,-0.0713,-0.0426,-0.3961,411.0,3.56,1.81,-39.87,310.71,-3.56,-1.72,5.0,40.415,55.753143,48.743607,212.6,191.0336761,,23.491,,0 / 23,134013,2017-11-09 18:55:40:470
0.814,0.1341,9.9311,0.3831,0.4847,9.7871,0.3969,-0.4347,0.1536,-0.0884,-0.0767,-0.346,375.0,2.13,3.06,-40.81,318.56,-2.88,-2.19,5.0,45.354,55.753143,48.743607,212.6,191.0336761,,23.491,,0 / 23,134513,2017-11-09 18:55:40:970
0.9864,0.2107,9.663,0.4789,0.3675,9.788,0.5013,-0.1691,-0.1803,-0.0117,0.0075,-0.3545,405.0,0.25,3.06,-40.62,332.47,-2.33,-2.77,5.0,43.48,55.753143,48.743607,212.6,191.0336761,,23.491,,0 / 23,135014,2017-11-09 18:55:41:471
0.6704,0.565,9.5768,0.56,0.2924,9.7862,0.2509,-0.1665,0.1057,-0.0277,0.0075,-0.3087,351.0,-1.69,4.75,-39.87,357.95,-1.72,-3.13,5.0,40.546,55.753143,48.743607,212.6,191.0336761,,23.491,,0 / 23,135514,2017-11-09 18:55:41:971
0.3543,-0.2394,10.7164,0.5718,0.3436,9.7839,-0.3787,-0.1591,-0.4312,-0.0554,-0.0234,-0.2172,465.0,-3.37,5.19,-40.94,5.35,-2.01,-3.34,5.0,39.828,55.753143,48.743607,212.6,191.0336761,,23.491,,0 / 23,136014,2017-11-09 18:55:42:471
0.4884,-0.0479,9.8545,0.5921,0.2969,9.7842,0.0457,0.5261,-0.8428,0.0926,0.016,0.3237,495.0,-2.0,5.06,-41.69,354.43,-1.6,-3.49,5.0,40.653,55.753143,48.743607,212.6,191.0336761,,23.491,,0 / 23,136514,2017-11-09 18:55:42:971
0.747,-0.0479,9.2991,0.5307,0.3065,9.7874,0.2135,-0.3577,-0.5425,-0.0234,0.1139,0.3726,510.0,0.75,6.88,-42.87,338.05,-1.83,-3.16,5.0,41.79,55.753143,48.743607,212.6,191.0336761,,23.491,,0 / 23,137014,2017-11-09 18:55:43:471
0.4022,0.4788,10.0269,0.4959,0.3474,9.7879,0.5564,-0.2696,0.3397,-0.0277,0.0202,0.0256,537.0,0.63,6.06,-42.94,330.91,-2.0,-2.85,5.0,42.817,55.753143,48.743607,212.6,191.0336761,,23.491,,0 / 23,137514,2017-11-09 18:55:43:971
0.7853,0.2203,10.1227,0.5401,0.3377,9.7859,0.2415,-0.1237,0.2825,0.0362,0.0149,-0.0362,525.0,0.69,6.75,-43.75,338.08,-1.97,-3.16,5.0,42.081,55.753143,48.743607,212.6,191.0336761,,23.491,,0 / 23,138014,2017-11-09 18:55:44:471
0.5076,0.2873,9.6438,0.5131,0.3535,9.7868,-0.0933,0.2404,-0.2674,0.0128,0.016,0.0266,549.0,1.88,7.63,-45.25,337.62,-2.1,-3.04,5.0,41.276,55.753143,48.743607,212.6,191.0336761,,23.491,,0 / 23,138513,2017-11-09 18:55:44:970
0.996,0.3639,10.3142,0.5395,0.3448,9.7857,0.2819,0.3445,-0.8154,-0.0128,0.0192,-0.0596,519.0,2.06,8.19,-45.87,334.76,-2.01,-3.16,5.0,48.763,55.753143,48.743607,212.6,191.0336761,,23.491,,0 / 23,139014,2017-11-09 18:55:45:471
0.0,0.68,9.4044,0.4703,0.3641,9.7885,0.109,-0.1392,0.3193,0.0394,-0.0287,0.0724,486.0,2.31,8.75,-47.62,337.54,-1.99,-2.87,5.0,45.176,55.753143,48.743607,212.6,191.0336761,,23.491,,0 / 23,139514,2017-11-09 18:55:45:971
1.0822,0.2107,10.0844,0.552,0.3516,9.7847,0.333,0.0702,-0.1868,-0.033,-0.0106,-0.0117,483.0,1.69,9.25,-49.62,340.95,-2.02,-3.16,5.0,42.382,55.753143,48.743607,212.6,191.0336761,,23.491,,0 / 23,140014,2017-11-09 18:55:46:471
0.4214,0.1532,9.7396,0.6087,0.3195,9.7825,-0.1443,-0.3084,0.4126,-0.0458,0.0096,-0.0213,492.0,1.13,9.13,-50.12,338.87,-1.87,-3.56,5.0,41.841,55.753143,48.743607,212.6,191.0336761,,23.491,,0 / 23,140514,2017-11-09 18:55:46:971
0.5555,0.68,9.1554,0.5792,0.3219,9.7842,-0.2928,0.2179,-0.1178,-0.0287,0.0234,0.082,507.0,1.81,8.0,-51.75,334.44,-1.92,-3.46,5.0,40.697,55.753143,48.743607,212.6,191.0336761,,23.491,,0 / 23,141014,2017-11-09 18:55:47:471
0.5267,0.4118,10.1035,0.568,0.3169,9.785,0.0957,0.3285,-0.0107,-0.0085,0.0479,0.0021,507.0,2.0,7.56,-52.31,332.61,-1.85,-3.32,5.0,41.941,55.753143,48.743607,212.6,191.0336761,,23.491,,0 / 23,141514,2017-11-09 18:55:47:971
0.747,0.0192,9.5385,0.5143,0.337,9.7873,0.0909,-0.3093,0.6243,0.0415,0.0053,0.0394,504.0,2.0,6.44,-54.19,328.38,-1.97,-3.01,5.0,42.669,55.753143,48.743607,212.6,191.0336761,,23.491,,0 / 23,142014,2017-11-09 18:55:48:471
0.6991,0.5363,9.9982,0.5087,0.4083,9.7849,0.2081,-0.0467,0.2735,-0.0202,0.0181,-0.0245,498.0,2.19,6.31,-55.25,329.41,-2.29,-2.96,5.0,42.097,55.753143,48.743607,212.6,191.0336761,,23.491,,0 / 23,142514,2017-11-09 18:55:48:971
0.6991,0.5842,9.7971,0.4879,0.4127,9.7858,0.2344,0.0726,-0.2167,-0.0341,0.0128,-0.0607,483.0,1.94,4.19,-55.94,322.98,-2.41,-2.85,5.0,41.05,55.753143,48.743607,212.6,191.0336761,,23.491,,0 / 23,143014,2017-11-09 18:55:49:471
1.0918,0.3065,9.2608,0.4552,0.4307,9.7866,0.2511,0.0311,-0.6107,-0.0234,0.0106,-0.0117,477.0,1.81,3.88,-56.19,325.29,-2.52,-2.53,5.0,41.131,55.753143,48.743607,212.6,191.0336761,,23.491,,0 / 23,143514,2017-11-09 18:55:49:971
0.8428,0.0479,10.3717,0.4206,0.4563,9.7869,0.6869,-0.3064,-0.1208,-0.0298,0.0298,0.1107,471.0,2.75,1.38,-56.56,303.78,-2.67,-2.46,5.0,42.103,55.753143,48.743607,212.6,191.0336761,,23.491,,0 / 23,144014,2017-11-09 18:55:50:471
0.6033,0.1724,10.5058,0.3804,0.5311,9.7848,0.4187,-0.1334,-0.03,0.0447,-0.0117,0.0096,465.0,2.88,0.38,-56.25,299.47,-3.03,-2.27,5.0,44.106,55.753143,48.743607,212.6,191.0336761,,23.491,,0 / 23,144514,2017-11-09 18:55:50:971
0.8428,0.3448,10.1993,0.3776,0.5735,9.7825,-0.1345,-0.2628,0.1192,0.0245,-0.0064,-0.0405,450.0,1.69,-0.19,-55.06,308.37,-3.41,-2.22,5.0,42.63,55.753143,48.743607,212.6,191.0336761,,23.491,,0 / 23,145014,2017-11-09 18:55:51:471
1.0056,0.2682,9.7875,0.3621,0.5717,9.7832,0.6432,-0.1908,-0.195,0.0075,-0.0085,-0.0639,432.0,2.38,-0.06,-54.19,308.17,-3.34,-2.12,5.0,41.353,55.753143,48.743607,212.6,191.0336761,,23.491,,0 / 23,145513,2017-11-09 18:55:51:970
0.7757,-0.0383,10.7164,0.334,0.5969,9.7827,0.5979,-0.3417,0.1979,0.0277,0.0202,0.0341,354.0,2.75,-0.75,-53.81,295.77,-3.54,-1.94,5.0,41.305,55.753143,48.743607,212.6,191.0336761,,23.491,,0 / 23,146013,2017-11-09 18:55:52:470
0.3926,0.1628,10.0461,0.3162,0.6492,9.78,0.2802,-0.4271,0.0139,0.0032,0.0106,0.0234,345.0,3.75,-1.94,-52.81,285.32,-3.85,-1.79,5.0,43.595,55.753143,48.743607,212.6,191.0336761,,23.491,,0 / 23,146513,2017-11-09 18:55:52:970
0.7374,0.5746,9.2703,0.3055,0.7288,9.7747,0.6441,-0.4483,-0.0298,-0.0085,0.0106,-0.1448,321.0,4.31,-1.62,-52.87,298.05,-4.29,-1.68,5.0,43.105,55.753143,48.743607,212.6,191.0336761,,23.491,,0 / 23,147013,2017-11-09 18:55:53:470
0.6608,0.5459,9.912,0.2826,0.7445,9.7742,0.3728,-0.1307,-0.0979,0.0319,-0.0096,0.0064,309.0,4.13,-1.19,-52.12,296.73,-4.2,-1.72,5.0,42.554,55.753143,48.743607,212.6,191.0336761,,23.491,,0 / 23,147514,2017-11-09 18:55:53:971
0.9098,0.8332,9.098,0.2993,0.746,9.7736,0.1991,-0.0243,-0.264,0.0277,0.016,0.0,282.0,4.06,-1.12,-51.31,297.32,-4.36,-1.75,5.0,42.53,55.753143,48.743607,212.6,191.0336761,,23.491,,0 / 23,148014,2017-11-09 18:55:54:471
0.3639,0.3256,9.9503,0.3121,0.7744,9.771,0.1961,-0.298,-0.2222,-0.0138,0.0149,-0.0064,291.0,5.38,-1.12,-51.5,294.47,-4.53,-1.83,5.0,40.193,55.753143,48.743607,212.6,191.0336761,,23.491,,0 / 23,148514,2017-11-09 18:55:54:971
0.4597,0.3256,10.0652,0.2793,0.761,9.773,0.1408,-0.363,-0.4301,0.0373,0.0309,-0.0021,294.0,5.63,-0.5,-50.94,290.93,-4.36,-1.68,5.0,41.611,55.753143,48.743607,212.6,191.0336761,,23.491,,0 / 23,149014,2017-11-09 18:55:55:471
0.5746,0.6129,9.7109,0.2951,0.7011,9.7771,0.0741,-0.6617,0.6937,0.0138,0.0138,-0.0138,300.0,5.31,-0.37,-50.44,298.56,-4.09,-1.76,5.0,51.742,55.753143,48.743607,212.6,191.0336761,,23.491,,0 / 23,149514,2017-11-09 18:55:55:971
0.2969,0.3352,9.7396,0.3413,0.6937,9.7761,-0.3775,0.2174,-0.7372,0.016,0.0394,-0.0735,303.0,5.0,1.0,-50.06,293.02,-3.87,-2.18,5.0,49.919,55.753143,48.743607,212.6,191.0336761,,23.491,,0 / 23,150014,2017-11-09 18:55:56:471
0.1628,0.3256,9.8833,0.4012,0.5904,9.7806,-0.2653,-0.2202,0.0436,0.0043,0.0149,0.0671,303.0,5.88,1.0,-50.06,296.74,-3.55,-2.4,5.0,41.33,55.753143,48.743607,212.6,191.0336761,,23.491,,0 / 23,150514,2017-11-09 18:55:56:971
0.1053,0.4788,9.6247,0.4146,0.5433,9.7828,0.3382,-0.3893,0.472,-0.0181,0.0287,0.0266,297.0,6.38,1.88,-49.19,300.51,-3.21,-2.36,5.0,42.196,55.753143,48.743607,212.6,191.0336761,,23.491,,0 / 23,151013,2017-11-09 18:55:57:470
-0.0096,0.2203,9.9695,0.369,0.5416,9.7847,-0.4789,-0.2895,0.372,-0.0298,0.0351,-0.0298,294.0,7.63,2.31,-51.44,299.7,-3.06,-2.25,5.0,42.344,55.753143,48.743607,212.6,191.0336761,,23.491,,0 / 23,151513,2017-11-09 18:55:57:970
0.2682,0.1915,10.4196,0.4141,0.5035,9.7849,-0.2773,-0.1555,0.1163,-0.0543,-0.049,-0.0351,294.0,7.13,3.25,-50.75,301.53,-2.97,-2.44,5.0,42.777,55.753143,48.743607,212.6,191.0336761,,23.491,,0 / 23,152014,2017-11-09 18:55:58:471
0.7183,0.2203,10.0365,0.4736,0.5047,9.7821,0.2803,-0.0722,-0.5077,0.0426,-0.0011,-0.0735,294.0,7.81,3.0,-52.0,297.75,-2.81,-2.76,5.0,42.291,55.753143,48.743607,212.6,191.0336761,,23.491,,0 / 23,152514,2017-11-09 18:55:58:971
0.4022,0.6512,9.4906,0.5015,0.4616,9.7829,0.3695,-0.2116,0.8544,0.0479,-0.0106,0.0128,297.0,6.81,2.38,-51.75,293.88,-2.57,-3.03,5.0,45.586,55.753143,48.743607,212.6,191.0336761,,23.491,,0 / 23,153013,2017-11-09 18:55:59:470
0.6608,0.5267,9.7588,0.4671,0.4054,9.7871,-0.4132,-0.0066,-0.2467,0.0447,0.0064,0.0298,294.0,7.88,3.75,-53.19,300.69,-2.51,-2.84,5.0,51.594,55.753143,48.743607,212.6,191.0336761,,23.491,,0 / 23,153513,2017-11-09 18:55:59:970
-0.067,0.431,9.9407,0.4447,0.4489,9.7862,-0.4363,-0.267,0.5163,-0.0351,0.0256,-0.0617,294.0,8.44,3.44,-53.69,297.89,-2.65,-2.44,5.0,51.136,55.753143,48.743607,212.6,191.0336761,,23.491,,0 / 23,154014,2017-11-09 18:56:00:471
0.814,0.5555,9.1842,0.4443,0.4681,9.7853,-0.4466,-0.1764,0.3909,-0.066,-0.0128,0.0745,294.0,8.81,2.88,-54.75,295.99,-2.74,-2.6,5.0,45.249,55.753143,48.743607,212.6,191.0336761,,23.491,,0 / 23,154514,2017-11-09 18:56:00:971
0.3543,0.4405,9.7396,0.4903,0.5107,9.781,0.069,-0.0781,0.0708,0.0266,-0.0096,-0.0096,294.0,9.88,2.31,-55.87,292.33,-2.95,-2.81,5.0,41.98,55.753143,48.743607,212.6,191.0336761,,23.491,,0 / 23,155014,2017-11-09 18:56:01:471
0.3831,0.565,9.414,0.521,0.4673,9.7816,-0.4978,-0.1718,0.5913,0.0373,0.0564,-0.017,285.0,9.06,0.94,-56.31,286.92,-2.73,-3.05,5.0,41.747,55.753143,48.743607,212.6,191.0336761,,23.491,,0 / 23,155514,2017-11-09 18:56:01:971
0.6608,0.1532,9.5002,0.5036,0.5113,9.7803,0.3566,-0.1413,0.1312,0.0085,-0.0043,-0.0394,279.0,9.25,-0.31,-56.87,284.13,-3.03,-2.87,5.0,41.862,55.753143,48.743607,212.6,191.0336761,,23.491,,0 / 23,156014,2017-11-09 18:56:02:471
0.2203,0.6129,9.8737,0.4734,0.6096,9.7762,-0.1228,-0.0343,0.2236,-0.0075,0.0181,0.0415,276.0,10.13,-2.37,-58.56,277.18,-3.55,-2.78,5.0,43.161,55.753143,48.743607,212.6,191.0336761,,23.491,,0 / 23,156514,2017-11-09 18:56:02:971
0.6608,0.4788,9.6917,0.5189,0.6894,9.7686,0.253,-0.4675,0.2313,-0.0181,-0.0138,-0.0213,267.0,9.88,-5.5,-58.87,264.29,-3.78,-3.01,5.0,43.749,55.753143,48.743607,212.6,191.0336761,,23.491,,0 / 23,157014,2017-11-09 18:56:03:471
0.7661,0.3831,9.5002,0.5446,0.8359,9.7557,0.1734,-0.4554,-0.7346,0.0543,0.0213,-0.0681,258.0,10.25,-6.56,-58.25,261.03,-4.89,-3.2,5.0,43.447,55.753143,48.743607,212.6,191.0336761,,23.491,,0 / 23,157514,2017-11-09 18:56:03:971
0.3543,0.1915,10.2472,0.6102,0.9406,9.7423,0.3253,-0.4617,-0.4797,0.0181,0.0362,0.0916,243.0,9.0,-7.69,-57.75,259.3,-5.5,-3.65,5.0,43.684,55.753143,48.743607,212.6,191.0336761,,23.491,,0 / 23,158014,2017-11-09 18:56:04:471
0.4693,0.3352,9.2799,0.6315,1.0521,9.7295,-0.2432,-0.6449,-0.3837,-0.0511,-0.0277,-0.0575,198.0,9.38,-11.75,-56.44,244.62,-6.14,-3.79,5.0,42.78,55.753143,48.743607,212.6,191.0336761,,23.491,,0 / 23,158513,2017-11-09 18:56:04:970
0.7278,0.5171,9.596,0.6184,1.1409,9.7203,0.1041,-0.6556,-0.1789,0.0309,0.0202,-0.3077,171.0,10.31,-12.0,-54.69,252.83,-6.82,-3.69,5.0,40.912,55.753143,48.743607,212.6,191.0336761,,23.491,,0 / 23,159013,2017-11-09 18:56:05:470
0.7757,-0.2011,10.0556,0.5973,1.2472,9.7086,-0.0949,-1.3221,-0.0553,-0.0341,-0.0064,-0.2747,138.0,11.81,-12.0,-53.19,251.76,-7.56,-3.56,5.0,41.837,55.753143,48.743607,212.6,191.0336761,,23.491,,0 / 23,159514,2017-11-09 18:56:05:971
0.6416,0.3831,9.9216,0.5357,1.3109,9.7038,-0.1064,-0.9473,-0.4922,-0.0287,-0.0298,-0.2523,120.0,12.88,-11.19,-51.87,256.86,-7.91,-3.16,5.0,41.283,55.753143,48.743607,212.6,191.0336761,,23.491,,0 / 23,160014,2017-11-09 18:56:06:471
